"","variety","country","points","price","province","region_1","title","winery","word","n","year"
"1","Pinot Noir","US",87,65,"Oregon","Willamette Valley","Sweet Cheeks 2012 Vintner's Reserve Wild Child Block Pinot Noir (Willamette Valley)","Sweet Cheeks","tannic",584,"2012"
"2","Pinot Noir","US",87,65,"Oregon","Willamette Valley","Sweet Cheeks 2012 Vintner's Reserve Wild Child Block Pinot Noir (Willamette Valley)","Sweet Cheeks","earthy",1038,"2012"
"3","Pinot Noir","US",87,65,"Oregon","Willamette Valley","Sweet Cheeks 2012 Vintner's Reserve Wild Child Block Pinot Noir (Willamette Valley)","Sweet Cheeks","herbal",596,"2012"
"4","Pinot Noir","US",87,20,"Oregon","Oregon","Acrobat 2013 Pinot Noir (Oregon)","Acrobat","tart",1295,"2013"
"5","Pinot Noir","US",87,20,"Oregon","Oregon","Acrobat 2013 Pinot Noir (Oregon)","Acrobat","berry",1068,"2013"
"6","Pinot Noir","US",87,20,"Oregon","Oregon","Acrobat 2013 Pinot Noir (Oregon)","Acrobat","chocolate",674,"2013"
"7","Pinot Noir","US",87,20,"Oregon","Oregon","Acrobat 2013 Pinot Noir (Oregon)","Acrobat","pinot",3672,"2013"
"8","Pinot Noir","US",87,69,"California","Sonoma Coast","Castello di Amorosa 2011 King Ridge Vineyard Pinot Noir (Sonoma Coast)","Castello di Amorosa","earth",724,"2011"
"9","Pinot Noir","US",87,69,"California","Sonoma Coast","Castello di Amorosa 2011 King Ridge Vineyard Pinot Noir (Sonoma Coast)","Castello di Amorosa","bodied",1376,"2011"
"10","Pinot Noir","US",87,69,"California","Sonoma Coast","Castello di Amorosa 2011 King Ridge Vineyard Pinot Noir (Sonoma Coast)","Castello di Amorosa","raspberry",2429,"2011"
"11","Pinot Noir","US",87,69,"California","Sonoma Coast","Castello di Amorosa 2011 King Ridge Vineyard Pinot Noir (Sonoma Coast)","Castello di Amorosa","smoky",691,"2011"
"12","Pinot Noir","US",87,69,"California","Sonoma Coast","Castello di Amorosa 2011 King Ridge Vineyard Pinot Noir (Sonoma Coast)","Castello di Amorosa","spice",1571,"2011"
"13","Pinot Noir","US",86,50,"Oregon","McMinnville","Erath 2010 Hyland Pinot Noir (McMinnville)","Erath","fruit",4870,"2010"
"14","Pinot Noir","US",86,50,"Oregon","McMinnville","Erath 2010 Hyland Pinot Noir (McMinnville)","Erath","sweet",936,"2010"
"15","Pinot Noir","US",86,22,"Oregon","Willamette Valley","Hawkins Cellars 2009 Pinot Noir (Willamette Valley)","Hawkins Cellars","tannins",2860,"2009"
"16","Pinot Noir","Chile",85,13,"Maipo Valley","","Tres Palacios 2011 Reserve Pinot Noir (Maipo Valley)","Tres Palacios","strawberry",1304,"2011"
"17","Pinot Noir","Chile",85,13,"Maipo Valley","","Tres Palacios 2011 Reserve Pinot Noir (Maipo Valley)","Tres Palacios","fresh",1149,"2011"
"18","Pinot Noir","Chile",85,13,"Maipo Valley","","Tres Palacios 2011 Reserve Pinot Noir (Maipo Valley)","Tres Palacios","light",1870,"2011"
"19","Pinot Noir","Chile",85,13,"Maipo Valley","","Tres Palacios 2011 Reserve Pinot Noir (Maipo Valley)","Tres Palacios","juicy",766,"2011"
"20","Pinot Noir","US",86,25,"Oregon","Eola-Amity Hills","Z'IVO 2015 Rosé of Pinot Noir (Eola-Amity Hills)","Z'IVO","fruity",635,"2015"
"21","Pinot Noir","US",91,64,"California","Santa Lucia Highlands","Testarossa 2013 Guidotti Vineyard Pinot Noir (Santa Lucia Highlands)","Testarossa","cranberry",1334,"2013"
"22","Pinot Noir","US",91,64,"California","Santa Lucia Highlands","Testarossa 2013 Guidotti Vineyard Pinot Noir (Santa Lucia Highlands)","Testarossa","dark",1199,"2013"
"23","Pinot Noir","US",91,55,"California","Carmel Valley","Albatross Ridge 2012 Estate Reserve Pinot Noir (Carmel Valley)","Albatross Ridge","black",2473,"2012"
"24","Pinot Noir","US",91,55,"California","Carmel Valley","Albatross Ridge 2012 Estate Reserve Pinot Noir (Carmel Valley)","Albatross Ridge","cola",1854,"2012"
"25","Pinot Noir","US",91,55,"California","Carmel Valley","Albatross Ridge 2012 Estate Reserve Pinot Noir (Carmel Valley)","Albatross Ridge","soft",1260,"2012"
"26","Pinot Noir","US",91,55,"California","Carmel Valley","Albatross Ridge 2012 Estate Reserve Pinot Noir (Carmel Valley)","Albatross Ridge","dried",749,"2012"
"27","Pinot Noir","US",91,55,"California","Carmel Valley","Albatross Ridge 2012 Estate Reserve Pinot Noir (Carmel Valley)","Albatross Ridge","cherry",5631,"2012"
"28","Pinot Noir","US",91,38,"Oregon","Willamette Valley","Le Cadeau 2014 Pinot Noir (Willamette Valley)","Le Cadeau","ripe",2121,"2014"
"29","Pinot Noir","US",88,36,"California","Arroyo Seco","McIntyre Vineyards 2006 Mission Ranch Pinot Noir (Arroyo Seco)","McIntyre Vineyards","crisp",861,"2006"
"30","Pinot Noir","US",88,36,"California","Arroyo Seco","McIntyre Vineyards 2006 Mission Ranch Pinot Noir (Arroyo Seco)","McIntyre Vineyards","elegant",659,"2006"
"31","Pinot Noir","US",88,40,"California","Anderson Valley","Harrington 2006 Wiley Vineyard Pinot Noir (Anderson Valley)","Harrington","rich",1510,"2006"
"32","Pinot Noir","US",88,40,"California","Anderson Valley","Harrington 2006 Wiley Vineyard Pinot Noir (Anderson Valley)","Harrington","delicious",680,"2006"
"33","Pinot Noir","US",85,15,"New York","Finger Lakes","Wagner 2006 Grace House Pinot Noir (Finger Lakes)","Wagner","noir",2160,"2006"
"34","Pinot Noir","US",85,15,"New York","Finger Lakes","Wagner 2006 Grace House Pinot Noir (Finger Lakes)","Wagner","vanilla",745,"2006"
"35","Pinot Noir","US",85,15,"New York","Finger Lakes","Wagner 2006 Grace House Pinot Noir (Finger Lakes)","Wagner","silky",1178,"2006"
"36","Pinot Noir","US",85,22,"Oregon","Willamette Valley","Cherry Hill 2006 Papillon Estate Pinot Noir (Willamette Valley)","Cherry Hill","spicy",944,"2006"
"37","Pinot Noir","US",89,60,"California","Santa Maria Valley","Byron 2009 Monument Pinot Noir (Santa Maria Valley)","Byron","firm",830,"2009"
"38","Pinot Noir","US",92,34,"California","Santa Maria Valley","Cambria 2011 Bench Break Vineyard Pinot Noir (Santa Maria Valley)","Cambria","cherries",1423,"2011"
"39","Pinot Noir","US",92,34,"California","Santa Maria Valley","Cambria 2011 Bench Break Vineyard Pinot Noir (Santa Maria Valley)","Cambria","spices",608,"2011"
"40","Pinot Noir","US",92,52,"Oregon","Dundee Hills","J. Christopher 2011 Bella Vida Vineyard Unfiltered Pinot Noir (Dundee Hills)","J. Christopher","raspberries",689,"2011"
"41","Pinot Noir","France",87,30,"Burgundy","Côte de Nuits-Villages","Domaine Bertagna 2009 Les Dames Huguettes  (Côte de Nuits-Villages)","Domaine Bertagna","fruits",1139,"2009"
"42","Pinot Noir","Chile",83,35,"Colchagua Costa","","Koyle 2015 Costa Pinot Noir (Colchagua Costa)","Koyle","plum",1324,"2015"
"43","Pinot Noir","France",95,350,"Burgundy","Clos de Vougeot","Château de la Tour 2013 Vieilles Vignes  (Clos de Vougeot)","Château de la Tour","bright",808,"2013"
"44","Pinot Noir","France",95,350,"Burgundy","Clos de Vougeot","Château de la Tour 2013 Vieilles Vignes  (Clos de Vougeot)","Château de la Tour","vintage",697,"2013"
"45","Pinot Noir","France",95,350,"Burgundy","Clos de Vougeot","Château de la Tour 2013 Vieilles Vignes  (Clos de Vougeot)","Château de la Tour","concentrated",612,"2013"
"46","Pinot Noir","US",91,75,"California","Sonoma Coast","D.R. Stephens 2014 Silver Eagle Vineyard Pinot Noir (Sonoma Coast)","D.R. Stephens","medium",767,"2014"
"47","Pinot Noir","US",91,45,"California","Russian River Valley","Joseph Jewell 2014 Bucher Vineyard Pinot Noir (Russian River Valley)","Joseph Jewell","pomegranate",664,"2014"
"48","Pinot Noir","US",93,42,"California","Edna Valley","Claiborne & Churchill 2014 Twin Creeks Estate Pinot Noir (Edna Valley)","Claiborne & Churchill","cinnamon",708,"2014"
"49","Pinot Noir","US",93,85,"California","Green Valley","Iron Horse 2013 Thomas Road Pinot Noir (Green Valley)","Iron Horse","pepper",665,"2013"
"50","Pinot Noir","US",92,48,"Oregon","Willamette Valley","WillaKenzie Estate 2013 Aliette Pinot Noir","WillaKenzie Estate","rose",611,"2013"
"51","Chardonnay","US",87,12,"California","Central Coast","Mirassou 2012 Chardonnay (Central Coast)","Mirassou","green",1090,"2012"
"52","Chardonnay","US",87,12,"California","Central Coast","Mirassou 2012 Chardonnay (Central Coast)","Mirassou","apple",3414,"2012"
"53","Chardonnay","US",87,12,"California","Central Coast","Mirassou 2012 Chardonnay (Central Coast)","Mirassou","pear",2031,"2012"
"54","Chardonnay","US",87,12,"California","Central Coast","Mirassou 2012 Chardonnay (Central Coast)","Mirassou","ripe",2391,"2012"
"55","Chardonnay","US",87,12,"California","Central Coast","Mirassou 2012 Chardonnay (Central Coast)","Mirassou","pineapple",1555,"2012"
"56","Chardonnay","US",85,30,"California","Napa Valley","RustRidge 2010 Estate Bottled Chardonnay (Napa Valley)","RustRidge","orange",857,"2010"
"57","Chardonnay","US",85,30,"California","Napa Valley","RustRidge 2010 Estate Bottled Chardonnay (Napa Valley)","RustRidge","soft",970,"2010"
"58","Chardonnay","US",85,30,"California","Napa Valley","RustRidge 2010 Estate Bottled Chardonnay (Napa Valley)","RustRidge","buttered",980,"2010"
"59","Chardonnay","US",85,30,"California","Napa Valley","RustRidge 2010 Estate Bottled Chardonnay (Napa Valley)","RustRidge","toast",1604,"2010"
"60","Chardonnay","US",85,30,"California","Napa Valley","RustRidge 2010 Estate Bottled Chardonnay (Napa Valley)","RustRidge","caramel",662,"2010"
"61","Chardonnay","US",85,14,"California","North Coast","Souverain 2010 Chardonnay (North Coast)","Souverain","creamy",1277,"2010"
"62","Chardonnay","US",85,14,"California","North Coast","Souverain 2010 Chardonnay (North Coast)","Souverain","medium",765,"2010"
"63","Chardonnay","US",85,14,"California","North Coast","Souverain 2010 Chardonnay (North Coast)","Souverain","lime",1023,"2010"
"64","Chardonnay","US",85,14,"California","North Coast","Souverain 2010 Chardonnay (North Coast)","Souverain","vanilla",1879,"2010"
"65","Chardonnay","France",86,24,"Burgundy","Chablis","Simonnet-Febvre 2015  Chablis","Simonnet-Febvre","fruity",710,"2015"
"66","Chardonnay","France",86,24,"Burgundy","Chablis","Simonnet-Febvre 2015  Chablis","Simonnet-Febvre","white",1346,"2015"
"67","Chardonnay","France",86,24,"Burgundy","Chablis","Simonnet-Febvre 2015  Chablis","Simonnet-Febvre","fruit",3478,"2015"
"68","Chardonnay","France",86,15,"Burgundy","Mâcon-Milly Lamartine","Vignerons des Terres Secrètes 2015  Mâcon-Milly Lamartine","Vignerons des Terres Secrètes","melon",744,"2015"
"69","Chardonnay","France",86,15,"Burgundy","Mâcon-Milly Lamartine","Vignerons des Terres Secrètes 2015  Mâcon-Milly Lamartine","Vignerons des Terres Secrètes","smooth",507,"2015"
"70","Chardonnay","US",86,12,"Washington","Columbia Valley (WA)","Drumheller 2014 Chardonnay (Columbia Valley (WA))","Drumheller","light",1032,"2014"
"71","Chardonnay","Australia",86,18,"South Australia","South Australia","Yalumba 2016 Made With Organic Grapes Chardonnay (South Australia)","Yalumba","bodied",1183,"2016"
"72","Chardonnay","Australia",86,18,"South Australia","South Australia","Yalumba 2016 Made With Organic Grapes Chardonnay (South Australia)","Yalumba","chardonnay",3150,"2016"
"73","Chardonnay","Chile",87,18,"Leyda Valley","","Leyda 2015 Single Vineyard Falaris Hill Chardonnay (Leyda Valley)","Leyda","bright",855,"2015"
"74","Chardonnay","US",87,18,"California","Paso Robles","Pull 2013 Chardonnay (Paso Robles)","Pull","yellow",881,"2013"
"75","Chardonnay","US",87,18,"California","Paso Robles","Pull 2013 Chardonnay (Paso Robles)","Pull","apples",534,"2013"
"76","Chardonnay","US",87,18,"California","Paso Robles","Pull 2013 Chardonnay (Paso Robles)","Pull","butter",649,"2013"
"77","Chardonnay","US",87,18,"California","Paso Robles","Pull 2013 Chardonnay (Paso Robles)","Pull","tight",517,"2013"
"78","Chardonnay","US",87,18,"California","Paso Robles","Pull 2013 Chardonnay (Paso Robles)","Pull","minerality",876,"2013"
"79","Chardonnay","US",87,18,"California","Paso Robles","Pull 2013 Chardonnay (Paso Robles)","Pull","sweet",1133,"2013"
"80","Chardonnay","US",92,36,"California","Alexander Valley","Matrix 2007 Stuhlmuller Vineyard Chardonnay (Alexander Valley)","Matrix","toasty",533,"2007"
"81","Chardonnay","US",92,36,"California","Alexander Valley","Matrix 2007 Stuhlmuller Vineyard Chardonnay (Alexander Valley)","Matrix","wood",702,"2007"
"82","Chardonnay","US",92,36,"California","Alexander Valley","Matrix 2007 Stuhlmuller Vineyard Chardonnay (Alexander Valley)","Matrix","rich",1868,"2007"
"83","Chardonnay","France",88,27,"Burgundy","Chablis","La Chablisienne 2006 Les Vénérables Vieilles Vignes  (Chablis)","La Chablisienne","fresh",1312,"2006"
"84","Chardonnay","France",88,27,"Burgundy","Chablis","La Chablisienne 2006 Les Vénérables Vieilles Vignes  (Chablis)","La Chablisienne","richness",641,"2006"
"85","Chardonnay","US",88,23,"California","Santa Lucia Highlands","Manzoni 2006 Lucia Highland Vineyard Chardonnay (Santa Lucia Highlands)","Manzoni","oaky",601,"2006"
"86","Chardonnay","US",88,23,"California","Santa Lucia Highlands","Manzoni 2006 Lucia Highland Vineyard Chardonnay (Santa Lucia Highlands)","Manzoni","crisp",1885,"2006"
"87","Chardonnay","US",88,23,"California","Santa Lucia Highlands","Manzoni 2006 Lucia Highland Vineyard Chardonnay (Santa Lucia Highlands)","Manzoni","lemon",1996,"2006"
"88","Chardonnay","Chile",87,11,"Casablanca Valley","","Emiliana 2008 Natura Chardonnay (Casablanca Valley)","Emiliana","clean",714,"2008"
"89","Chardonnay","Chile",87,11,"Casablanca Valley","","Emiliana 2008 Natura Chardonnay (Casablanca Valley)","Emiliana","citrus",1774,"2008"
"90","Chardonnay","France",87,35,"Burgundy","St.-Romain","Bertrand Ambroise 2006  St.-Romain","Bertrand Ambroise","fruits",1111,"2006"
"91","Chardonnay","South Africa",90,20,"Western Cape","","Eikendal 2014 Chardonnay (Western Cape)","Eikendal","toasted",496,"2014"
"92","Chardonnay","South Africa",90,25,"Stellenbosch","","Oldenburg 2013 Chardonnay (Stellenbosch)","Oldenburg","spice",1041,"2013"
"93","Chardonnay","US",96,68,"California","Russian River Valley","Rochioli 2014 South River Chardonnay (Russian River Valley)","Rochioli","delicious",470,"2014"
"94","Chardonnay","US",96,68,"California","Russian River Valley","Rochioli 2014 South River Chardonnay (Russian River Valley)","Rochioli","apricot",665,"2014"
"95","Chardonnay","France",96,630,"Burgundy","Montrachet","Louis Latour 2014 Le Montrachet  (Montrachet)","Louis Latour","mineral",783,"2014"
"96","Chardonnay","Chile",85,14,"Casablanca Valley","","Lapostolle 2007 Casa Chardonnay (Casablanca Valley)","Lapostolle","peach",1586,"2007"
"97","Chardonnay","France",92,66,"Burgundy","Meursault","Henri de Villamont 2010 Blagny Premier Cru  (Meursault)","Henri de Villamont","aging",461,"2010"
"98","Chardonnay","US",87,12,"New York","Finger Lakes","Knapp 2011 Chardonnay (Finger Lakes)","Knapp","tropical",1266,"2011"
"99","Chardonnay","US",89,38,"Washington","Columbia Valley (WA)","Alleromb 2014 La Reyna Blanca Vineyard Chardonnay (Columbia Valley (WA))","Alleromb","barrel",530,"2014"
"100","Chardonnay","US",92,37,"California","Santa Maria Valley","Foxen 2014 Tinaquaic Vineyard Chardonnay (Santa Maria Valley)","Foxen","honey",660,"2014"
"101","Cabernet Sauvignon","US",87,19,"California","Napa Valley","Kirkland Signature 2011 Mountain Cuvée Cabernet Sauvignon (Napa Valley)","Kirkland Signature","soft",1318,"2011"
"102","Cabernet Sauvignon","US",87,19,"California","Napa Valley","Kirkland Signature 2011 Mountain Cuvée Cabernet Sauvignon (Napa Valley)","Kirkland Signature","plum",1338,"2011"
"103","Cabernet Sauvignon","US",87,19,"California","Napa Valley","Kirkland Signature 2011 Mountain Cuvée Cabernet Sauvignon (Napa Valley)","Kirkland Signature","cabernet",2931,"2011"
"104","Cabernet Sauvignon","US",87,19,"California","Napa Valley","Kirkland Signature 2011 Mountain Cuvée Cabernet Sauvignon (Napa Valley)","Kirkland Signature","coffee",502,"2011"
"105","Cabernet Sauvignon","US",87,19,"California","Napa Valley","Kirkland Signature 2011 Mountain Cuvée Cabernet Sauvignon (Napa Valley)","Kirkland Signature","chocolate",1515,"2011"
"106","Cabernet Sauvignon","US",87,34,"California","Alexander Valley","Louis M. Martini 2012 Cabernet Sauvignon (Alexander Valley)","Louis M. Martini","tannic",1066,"2012"
"107","Cabernet Sauvignon","US",87,34,"California","Alexander Valley","Louis M. Martini 2012 Cabernet Sauvignon (Alexander Valley)","Louis M. Martini","juicy",528,"2012"
"108","Cabernet Sauvignon","US",87,34,"California","Alexander Valley","Louis M. Martini 2012 Cabernet Sauvignon (Alexander Valley)","Louis M. Martini","rich",1324,"2012"
"109","Cabernet Sauvignon","US",87,34,"California","Alexander Valley","Louis M. Martini 2012 Cabernet Sauvignon (Alexander Valley)","Louis M. Martini","black",3144,"2012"
"110","Cabernet Sauvignon","US",87,34,"California","Alexander Valley","Louis M. Martini 2012 Cabernet Sauvignon (Alexander Valley)","Louis M. Martini","cherry",2817,"2012"
"111","Cabernet Sauvignon","US",87,34,"California","Alexander Valley","Louis M. Martini 2012 Cabernet Sauvignon (Alexander Valley)","Louis M. Martini","firm",759,"2012"
"112","Cabernet Sauvignon","Italy",86,21,"Sicily & Sardinia","Sicilia","Feudi del Pisciotto 2010 Missoni Cabernet Sauvignon (Sicilia)","Feudi del Pisciotto","concentrated",458,"2010"
"113","Cabernet Sauvignon","Italy",86,21,"Sicily & Sardinia","Sicilia","Feudi del Pisciotto 2010 Missoni Cabernet Sauvignon (Sicilia)","Feudi del Pisciotto","dried",661,"2010"
"114","Cabernet Sauvignon","Italy",86,21,"Sicily & Sardinia","Sicilia","Feudi del Pisciotto 2010 Missoni Cabernet Sauvignon (Sicilia)","Feudi del Pisciotto","fruit",3133,"2010"
"115","Cabernet Sauvignon","Italy",86,21,"Sicily & Sardinia","Sicilia","Feudi del Pisciotto 2010 Missoni Cabernet Sauvignon (Sicilia)","Feudi del Pisciotto","spice",1012,"2010"
"116","Cabernet Sauvignon","US",86,100,"California","Napa Valley","Okapi 2013 Estate Cabernet Sauvignon (Napa Valley)","Okapi","vanilla",873,"2013"
"117","Cabernet Sauvignon","US",86,100,"California","Napa Valley","Okapi 2013 Estate Cabernet Sauvignon (Napa Valley)","Okapi","ripe",1461,"2013"
"118","Cabernet Sauvignon","US",86,100,"California","Napa Valley","Okapi 2013 Estate Cabernet Sauvignon (Napa Valley)","Okapi","bodied",1064,"2013"
"119","Cabernet Sauvignon","US",86,100,"California","Napa Valley","Okapi 2013 Estate Cabernet Sauvignon (Napa Valley)","Okapi","leather",450,"2013"
"120","Cabernet Sauvignon","US",86,75,"California","Howell Mountain","Hindsight 2013 Bella Vetta Vineyard Cabernet Sauvignon (Howell Mountain)","Hindsight","raspberry",536,"2013"
"121","Cabernet Sauvignon","US",86,75,"California","Howell Mountain","Hindsight 2013 Bella Vetta Vineyard Cabernet Sauvignon (Howell Mountain)","Hindsight","tobacco",719,"2013"
"122","Cabernet Sauvignon","US",86,75,"California","Howell Mountain","Hindsight 2013 Bella Vetta Vineyard Cabernet Sauvignon (Howell Mountain)","Hindsight","cedar",981,"2013"
"123","Cabernet Sauvignon","US",86,75,"California","Howell Mountain","Hindsight 2013 Bella Vetta Vineyard Cabernet Sauvignon (Howell Mountain)","Hindsight","tannin",486,"2013"
"124","Cabernet Sauvignon","US",87,85,"California","Yountville","Piña 2013 Wolff Vineyard Cabernet Sauvignon (Yountville)","Piña","varietal",473,"2013"
"125","Cabernet Sauvignon","US",92,45,"California","Napa Valley","Silverado 2006 Cabernet Sauvignon (Napa Valley)","Silverado","sauvignon",677,"2006"
"126","Cabernet Sauvignon","US",92,45,"California","Napa Valley","Silverado 2006 Cabernet Sauvignon (Napa Valley)","Silverado","tannins",3525,"2006"
"127","Cabernet Sauvignon","US",92,45,"California","Napa Valley","Silverado 2006 Cabernet Sauvignon (Napa Valley)","Silverado","blackberries",814,"2006"
"128","Cabernet Sauvignon","US",92,45,"California","Napa Valley","Silverado 2006 Cabernet Sauvignon (Napa Valley)","Silverado","cherries",573,"2006"
"129","Cabernet Sauvignon","US",92,45,"California","Napa Valley","Silverado 2006 Cabernet Sauvignon (Napa Valley)","Silverado","smoky",621,"2006"
"130","Cabernet Sauvignon","South Africa",91,30,"Simonsberg-Stellenbosch","","Delheim 2001 Grand Reserve Cabernet Sauvignon (Simonsberg-Stellenbosch)","Delheim","cassis",1641,"2001"
"131","Cabernet Sauvignon","US",91,78,"California","Napa Valley","Clark-Clauden 2007 Cabernet Sauvignon (Napa Valley)","Clark-Clauden","cellar",514,"2007"
"132","Cabernet Sauvignon","US",91,78,"California","Napa Valley","Clark-Clauden 2007 Cabernet Sauvignon (Napa Valley)","Clark-Clauden","fresh",484,"2007"
"133","Cabernet Sauvignon","US",91,78,"California","Napa Valley","Clark-Clauden 2007 Cabernet Sauvignon (Napa Valley)","Clark-Clauden","blackberry",2348,"2007"
"134","Cabernet Sauvignon","US",91,78,"California","Napa Valley","Clark-Clauden 2007 Cabernet Sauvignon (Napa Valley)","Clark-Clauden","sweet",1155,"2007"
"135","Cabernet Sauvignon","US",91,85,"California","Spring Mountain District","Terra Valentine 2013 K Block Cabernet Sauvignon (Spring Mountain District)","Terra Valentine","dark",1279,"2013"
"136","Cabernet Sauvignon","US",91,85,"California","Spring Mountain District","Terra Valentine 2013 K Block Cabernet Sauvignon (Spring Mountain District)","Terra Valentine","herb",827,"2013"
"137","Cabernet Sauvignon","US",91,68,"California","Santa Ynez Valley","Vincent Vineyards 2012 Family Reserve Cabernet Sauvignon (Santa Ynez Valley)","Vincent Vineyards","currant",1431,"2012"
"138","Cabernet Sauvignon","US",91,25,"California","Napa Valley","Yardstick 2013 Ruth's Reach Cabernet Sauvignon (Napa Valley)","Yardstick","spicy",658,"2013"
"139","Cabernet Sauvignon","US",91,25,"California","Napa Valley","Yardstick 2013 Ruth's Reach Cabernet Sauvignon (Napa Valley)","Yardstick","berry",1140,"2013"
"140","Cabernet Sauvignon","Chile",91,32,"Maipo Valley","","Cono Sur 2012 20 Barrels Cabernet Sauvignon (Maipo Valley)","Cono Sur","herbs",610,"2012"
"141","Cabernet Sauvignon","US",85,85,"California","Diamond Mountain District","Meeker 2004 Kiss Ridge Vineyard Cabernet Sauvignon (Diamond Mountain District)","Meeker","currants",603,"2004"
"142","Cabernet Sauvignon","South Africa",89,35,"Stellenbosch","","Hartenberg 2007 Cabernet Sauvignon (Stellenbosch)","Hartenberg","green",547,"2007"
"143","Cabernet Sauvignon","Argentina",89,30,"Mendoza Province","Mendoza","Sottano 2009 Reserva de Familia Cabernet Sauvignon (Mendoza)","Sottano","medium",515,"2009"
"144","Cabernet Sauvignon","Chile",87,19,"Aconcagua Valley","","Arboleda 2009 Cabernet Sauvignon (Aconcagua Valley)","Arboleda","licorice",533,"2009"
"145","Cabernet Sauvignon","US",87,40,"California","Napa Valley","Mount Veeder 2008 Cabernet Sauvignon (Napa Valley)","Mount Veeder","mocha",458,"2008"
"146","Cabernet Sauvignon","US",87,40,"California","Napa Valley","Mount Veeder 2008 Cabernet Sauvignon (Napa Valley)","Mount Veeder","smooth",605,"2008"
"147","Cabernet Sauvignon","US",88,160,"California","Sonoma Valley","Sebastiani 1991 Cherryblock Vineyard Cabernet Sauvignon (Sonoma Valley)","Sebastiani","pepper",694,"1991"
"148","Cabernet Sauvignon","Chile",88,15,"Maipo Valley","","Carmen 2000 Estate Grown Reserve Cabernet Sauvignon (Maipo Valley)","Carmen","herbal",818,"2000"
"149","Cabernet Sauvignon","Argentina",85,14,"Mendoza Province","Tupungato","Domaine Bousquet 2015 Cabernet Sauvignon (Tupungato)","Domaine Bousquet","earthy",427,"2015"
"150","Cabernet Sauvignon","Argentina",88,20,"Mendoza Province","Mendoza","Pascual Toso 2007 Reserve Las Barrancas Vineyards Cabernet Sauvignon (Mendoza)","Pascual Toso","hard",443,"2007"
"151","Red Blend","US",87,23,"Virginia","Virginia","Quiévremont 2012 Vin de Maison Red (Virginia)","Quiévremont","ripe",1628,"2012"
"152","Red Blend","US",87,23,"Virginia","Virginia","Quiévremont 2012 Vin de Maison Red (Virginia)","Quiévremont","dark",1222,"2012"
"153","Red Blend","US",87,23,"Virginia","Virginia","Quiévremont 2012 Vin de Maison Red (Virginia)","Quiévremont","black",3203,"2012"
"154","Red Blend","US",87,23,"Virginia","Virginia","Quiévremont 2012 Vin de Maison Red (Virginia)","Quiévremont","pepper",1458,"2012"
"155","Red Blend","US",87,23,"Virginia","Virginia","Quiévremont 2012 Vin de Maison Red (Virginia)","Quiévremont","vanilla",916,"2012"
"156","Red Blend","US",87,23,"Virginia","Virginia","Quiévremont 2012 Vin de Maison Red (Virginia)","Quiévremont","tobacco",922,"2012"
"157","Red Blend","US",87,23,"Virginia","Virginia","Quiévremont 2012 Vin de Maison Red (Virginia)","Quiévremont","currant",653,"2012"
"158","Red Blend","Italy",87,17,"Sicily & Sardinia","Cerasuolo di Vittoria","Terre di Giurfo 2011 Mascaria Barricato  (Cerasuolo di Vittoria)","Terre di Giurfo","berry",2012,"2011"
"159","Red Blend","Italy",87,17,"Sicily & Sardinia","Cerasuolo di Vittoria","Terre di Giurfo 2011 Mascaria Barricato  (Cerasuolo di Vittoria)","Terre di Giurfo","espresso",533,"2011"
"160","Red Blend","Italy",87,17,"Sicily & Sardinia","Cerasuolo di Vittoria","Terre di Giurfo 2011 Mascaria Barricato  (Cerasuolo di Vittoria)","Terre di Giurfo","tannins",3559,"2011"
"161","Red Blend","US",86,50,"California","Dry Creek Valley","Envolve 2010 Puma Springs Vineyard Red (Dry Creek Valley)","Envolve","licorice",946,"2010"
"162","Red Blend","US",86,50,"California","Dry Creek Valley","Envolve 2010 Puma Springs Vineyard Red (Dry Creek Valley)","Envolve","cabernet",2574,"2010"
"163","Red Blend","US",86,50,"California","Dry Creek Valley","Envolve 2010 Puma Springs Vineyard Red (Dry Creek Valley)","Envolve","franc",714,"2010"
"164","Red Blend","US",86,50,"California","Dry Creek Valley","Envolve 2010 Puma Springs Vineyard Red (Dry Creek Valley)","Envolve","sauvignon",2166,"2010"
"165","Red Blend","US",86,40,"Virginia","Virginia","Tarara 2010 #SocialSecret Red (Virginia)","Tarara","petit",611,"2010"
"166","Red Blend","US",86,40,"Virginia","Virginia","Tarara 2010 #SocialSecret Red (Virginia)","Tarara","verdot",611,"2010"
"167","Red Blend","US",86,12,"California","California","Cocobon 2014 Red (California)","Cocobon","spicy",587,"2014"
"168","Red Blend","US",86,12,"California","California","Cocobon 2014 Red (California)","Cocobon","bodied",749,"2014"
"169","Red Blend","US",86,12,"California","California","Cocobon 2014 Red (California)","Cocobon","fruit",2712,"2014"
"170","Red Blend","US",86,12,"California","California","Cocobon 2014 Red (California)","Cocobon","blackberry",1608,"2014"
"171","Red Blend","US",88,23,"California","Sonoma County","Ferrari-Carano 2014 Siena Red (Sonoma County)","Ferrari-Carano","sangiovese",1164,"2014"
"172","Red Blend","US",88,23,"California","Sonoma County","Ferrari-Carano 2014 Siena Red (Sonoma County)","Ferrari-Carano","malbec",531,"2014"
"173","Red Blend","US",88,23,"California","Sonoma County","Ferrari-Carano 2014 Siena Red (Sonoma County)","Ferrari-Carano","soft",876,"2014"
"174","Red Blend","Italy",87,16,"Tuscany","Toscana","Madonna Alta 2014 Nativo Red (Toscana)","Madonna Alta","merlot",1918,"2014"
"175","Red Blend","Italy",87,16,"Tuscany","Toscana","Madonna Alta 2014 Nativo Red (Toscana)","Madonna Alta","cherry",3564,"2014"
"176","Red Blend","Italy",87,16,"Tuscany","Toscana","Madonna Alta 2014 Nativo Red (Toscana)","Madonna Alta","smooth",648,"2014"
"177","Red Blend","Italy",87,30,"Tuscany","Toscana","Marchesi de' Frescobaldi 2014 Castiglioni Red (Toscana)","Marchesi de' Frescobaldi","spice",2088,"2014"
"178","Red Blend","Italy",87,30,"Tuscany","Toscana","Ornellaia 2014 Le Volte Red (Toscana)","Ornellaia","herb",661,"2014"
"179","Red Blend","Italy",87,30,"Tuscany","Toscana","Ornellaia 2014 Le Volte Red (Toscana)","Ornellaia","coffee",620,"2014"
"180","Red Blend","Italy",87,30,"Tuscany","Toscana","Ornellaia 2014 Le Volte Red (Toscana)","Ornellaia","bright",586,"2014"
"181","Red Blend","Italy",87,15,"Tuscany","Toscana","Podere Ciona 2014 Semifonte Red (Toscana)","Podere Ciona","plum",1915,"2014"
"182","Red Blend","Italy",87,15,"Tuscany","Toscana","Podere Ciona 2014 Semifonte Red (Toscana)","Podere Ciona","clove",670,"2014"
"183","Red Blend","Italy",87,80,"Tuscany","Toscana","Tenuta Forconi 2013 Toscano Red (Toscana)","Tenuta Forconi","leather",842,"2013"
"184","Red Blend","Chile",91,29,"Aconcagua Valley","","Conde de Velázquez 2012 Condesa Real Premium Blend Red (Aconcagua Valley)","Conde de Velázquez","syrah",1745,"2012"
"185","Red Blend","Chile",91,29,"Aconcagua Valley","","Conde de Velázquez 2012 Condesa Real Premium Blend Red (Aconcagua Valley)","Conde de Velázquez","fruits",499,"2012"
"186","Red Blend","Chile",91,29,"Aconcagua Valley","","Conde de Velázquez 2012 Condesa Real Premium Blend Red (Aconcagua Valley)","Conde de Velázquez","herbal",551,"2012"
"187","Red Blend","Chile",88,50,"Maipo Valley","","TerraMater 2006 Unusual Cabernet-Shiraz-Zinfandel Red (Maipo Valley)","TerraMater","firm",876,"2006"
"188","Red Blend","Chile",88,50,"Maipo Valley","","TerraMater 2006 Unusual Cabernet-Shiraz-Zinfandel Red (Maipo Valley)","TerraMater","cassis",569,"2006"
"189","Red Blend","Chile",88,50,"Maipo Valley","","TerraMater 2006 Unusual Cabernet-Shiraz-Zinfandel Red (Maipo Valley)","TerraMater","rich",772,"2006"
"190","Red Blend","Italy",87,26,"Southern Italy","Campania","Fattoria Alois 2007 Campole Red (Campania)","Fattoria Alois","chocolate",1061,"2007"
"191","Red Blend","Italy",87,20,"Veneto","Rosso del Veronese","Aldegheri 2003 Le Pietre Santambrogio Red (Rosso del Veronese)","Aldegheri","sweet",713,"2003"
"192","Red Blend","US",90,48,"California","Paso Robles","MCV 2014 1105 Red (Paso Robles)","MCV","lead",626,"2014"
"193","Red Blend","Spain",85,13,"Northern Spain","Vino de la Tierra de Castilla y León","J. & F. Lurton 2007 Herederos de François Lurton Villafrance de Duero Red (Vino de la Tierra de Castilla y León)","J. & F. Lurton","raspberry",919,"2007"
"194","Red Blend","Argentina",89,37,"Mendoza Province","","Algodon 2008 Estate Blend Gran Reserva Red","Algodon","tannic",588,"2008"
"195","Red Blend","US",89,39,"California","Napa Valley","Beaver Creek 2008 Fairytale Red (Napa Valley)","Beaver Creek","earthy",499,"2008"
"196","Red Blend","Italy",92,41,"Tuscany","Toscana","I Giusti e Zanza 2009 Dulcamara Red (Toscana)","I Giusti e Zanza","white",521,"2009"
"197","Red Blend","US",93,54,"California","Templeton Gap District","ONX 2013 Reckoning Red (Templeton Gap District)","ONX","fresh",796,"2013"
"198","Red Blend","Spain",87,35,"Northern Spain","Navarra","Príncipe de Viana 2008 Reserva 1423 Red (Navarra)","Príncipe de Viana","juicy",839,"2008"
"199","Red Blend","Italy",90,70,"Tuscany","Colli della Toscana Centrale","Castello di Querceto 2010 Cignale Red (Colli della Toscana Centrale)","Castello di Querceto","dried",839,"2010"
"200","Red Blend","Italy",91,35,"Tuscany","Morellino di Scansano","Poggio Argentiera 2012 Capatosta  (Morellino di Scansano)","Poggio Argentiera","savory",462,"2012"
"201","Bordeaux-style Red Blend","US",86,46,"Washington","Columbia Valley (WA)","Basel Cellars 2013 Inspired Red (Columbia Valley (WA))","Basel Cellars","merlot",1469,"2013"
"202","Bordeaux-style Red Blend","US",86,46,"Washington","Columbia Valley (WA)","Basel Cellars 2013 Inspired Red (Columbia Valley (WA))","Basel Cellars","cabernet",1676,"2013"
"203","Bordeaux-style Red Blend","US",86,46,"Washington","Columbia Valley (WA)","Basel Cellars 2013 Inspired Red (Columbia Valley (WA))","Basel Cellars","franc",997,"2013"
"204","Bordeaux-style Red Blend","US",86,46,"Washington","Columbia Valley (WA)","Basel Cellars 2013 Inspired Red (Columbia Valley (WA))","Basel Cellars","wood",978,"2013"
"205","Bordeaux-style Red Blend","US",86,46,"Washington","Columbia Valley (WA)","Basel Cellars 2013 Inspired Red (Columbia Valley (WA))","Basel Cellars","spice",732,"2013"
"206","Bordeaux-style Red Blend","US",86,46,"Washington","Columbia Valley (WA)","Basel Cellars 2013 Inspired Red (Columbia Valley (WA))","Basel Cellars","cherry",758,"2013"
"207","Bordeaux-style Red Blend","US",86,75,"California","Napa Valley","Mulvane Wine Co. 2013 The Cypher Red (Napa Valley)","Mulvane Wine Co.","malbec",476,"2013"
"208","Bordeaux-style Red Blend","US",86,75,"California","Napa Valley","Mulvane Wine Co. 2013 The Cypher Red (Napa Valley)","Mulvane Wine Co.","juicy",874,"2013"
"209","Bordeaux-style Red Blend","US",86,75,"California","Napa Valley","Mulvane Wine Co. 2013 The Cypher Red (Napa Valley)","Mulvane Wine Co.","generous",283,"2013"
"210","Bordeaux-style Red Blend","US",88,75,"California","Napa Valley","Soquel Vineyards 2013 Intreccio Library Selection Red (Napa Valley)","Soquel Vineyards","bordeaux",731,"2013"
"211","Bordeaux-style Red Blend","US",88,75,"California","Napa Valley","Soquel Vineyards 2013 Intreccio Library Selection Red (Napa Valley)","Soquel Vineyards","soft",590,"2013"
"212","Bordeaux-style Red Blend","US",88,75,"California","Napa Valley","Soquel Vineyards 2013 Intreccio Library Selection Red (Napa Valley)","Soquel Vineyards","core",347,"2013"
"213","Bordeaux-style Red Blend","US",88,75,"California","Napa Valley","Soquel Vineyards 2013 Intreccio Library Selection Red (Napa Valley)","Soquel Vineyards","fruity",622,"2013"
"214","Bordeaux-style Red Blend","US",87,18,"California","Paso Robles","Pull 2012 BDX Red (Paso Robles)","Pull","sauvignon",1368,"2012"
"215","Bordeaux-style Red Blend","South Africa",91,25,"Stellenbosch","","Camberley 2004 Philosophers' Stone Red (Stellenbosch)","Camberley","black",2080,"2004"
"216","Bordeaux-style Red Blend","South Africa",91,25,"Stellenbosch","","Camberley 2004 Philosophers' Stone Red (Stellenbosch)","Camberley","dark",790,"2004"
"217","Bordeaux-style Red Blend","South Africa",91,25,"Stellenbosch","","Camberley 2004 Philosophers' Stone Red (Stellenbosch)","Camberley","plum",556,"2004"
"218","Bordeaux-style Red Blend","France",91,50,"Bordeaux","Saint-Émilion","Lassègue 2003  Saint-Émilion","Lassègue","fruit",2412,"2003"
"219","Bordeaux-style Red Blend","Israel",90,80,"Galilee","","Or Haganuz 2014 French Blend Red (Galilee)","Or Haganuz","blackberry",841,"2014"
"220","Bordeaux-style Red Blend","Israel",90,80,"Galilee","","Or Haganuz 2014 French Blend Red (Galilee)","Or Haganuz","chocolate",488,"2014"
"221","Bordeaux-style Red Blend","Israel",90,80,"Galilee","","Or Haganuz 2014 French Blend Red (Galilee)","Or Haganuz","tannins",2862,"2014"
"222","Bordeaux-style Red Blend","US",85,18,"Virginia","Monticello","Autumn Hill 2007 Petit Verdot-Merlot Red (Monticello)","Autumn Hill","petit",577,"2007"
"223","Bordeaux-style Red Blend","US",85,18,"Virginia","Monticello","Autumn Hill 2007 Petit Verdot-Merlot Red (Monticello)","Autumn Hill","verdot",580,"2007"
"224","Bordeaux-style Red Blend","US",85,18,"Virginia","Monticello","Autumn Hill 2007 Petit Verdot-Merlot Red (Monticello)","Autumn Hill","berry",748,"2007"
"225","Bordeaux-style Red Blend","France",89,20,"Bordeaux","Graves","Château de Callac 2011  Graves","Château de Callac","smooth",339,"2011"
"226","Bordeaux-style Red Blend","France",89,20,"Bordeaux","Graves","Château de Callac 2011  Graves","Château de Callac","currant",980,"2011"
"227","Bordeaux-style Red Blend","France",89,20,"Bordeaux","Graves","Château de Callac 2011  Graves","Château de Callac","fruits",1327,"2011"
"228","Bordeaux-style Red Blend","France",89,20,"Bordeaux","Graves","Château de Callac 2011  Graves","Château de Callac","ripe",1511,"2011"
"229","Bordeaux-style Red Blend","France",89,20,"Bordeaux","Graves","Château de Callac 2011  Graves","Château de Callac","fresh",519,"2011"
"230","Bordeaux-style Red Blend","France",89,20,"Bordeaux","Graves","Château de Callac 2011  Graves","Château de Callac","tannic",424,"2011"
"231","Bordeaux-style Red Blend","US",89,54,"California","Alexander Valley","Trione 2012 Henry's Blend Red (Alexander Valley)","Trione","concentrated",409,"2012"
"232","Bordeaux-style Red Blend","France",92,65,"Bordeaux","Pomerol","Château Vray Croix de Gay 2010  Pomerol","Château Vray Croix de Gay","rich",1064,"2010"
"233","Bordeaux-style Red Blend","France",92,65,"Bordeaux","Pomerol","Château Vray Croix de Gay 2010  Pomerol","Château Vray Croix de Gay","2017",360,"2010"
"234","Bordeaux-style Red Blend","France",89,14,"Bordeaux","Bordeaux Supérieur","Château Bois Chantant 2015  Bordeaux Supérieur","Château Bois Chantant","solid",353,"2015"
"235","Bordeaux-style Red Blend","France",89,14,"Bordeaux","Bordeaux Supérieur","Château Bois Chantant 2015  Bordeaux Supérieur","Château Bois Chantant","2018",512,"2015"
"236","Bordeaux-style Red Blend","France",89,14,"Bordeaux","Bordeaux Supérieur","Château de l'Aubrade 2015  Bordeaux Supérieur","Château de l'Aubrade","attractive",357,"2015"
"237","Bordeaux-style Red Blend","France",89,14,"Bordeaux","Bordeaux Supérieur","Château de l'Aubrade 2015  Bordeaux Supérieur","Château de l'Aubrade","aging",696,"2015"
"238","Bordeaux-style Red Blend","France",89,14,"Bordeaux","Bordeaux Supérieur","Château de l'Aubrade 2015  Bordeaux Supérieur","Château de l'Aubrade","2019",302,"2015"
"239","Bordeaux-style Red Blend","France",89,15,"Bordeaux","Bordeaux","Château Maison Noble Saint Martin 2015 Château Jean de Bel Air  (Bordeaux)","Château Maison Noble Saint Martin","dense",600,"2015"
"240","Bordeaux-style Red Blend","France",90,30,"Bordeaux","Médoc","Bernard Magrez 2012 La Sérénité des Grands Chênes  (Médoc)","Bernard Magrez","potential",274,"2012"
"241","Bordeaux-style Red Blend","France",90,30,"Bordeaux","Médoc","Bernard Magrez 2012 La Sérénité des Grands Chênes  (Médoc)","Bernard Magrez","fruitiness",326,"2012"
"242","Bordeaux-style Red Blend","France",90,35,"Bordeaux","Saint-Émilion","Château Corbin 2014 Divin de Corbin  (Saint-Émilion)","Château Corbin","firm",1008,"2014"
"243","Bordeaux-style Red Blend","France",90,35,"Bordeaux","Saint-Émilion","Château Corbin 2014 Divin de Corbin  (Saint-Émilion)","Château Corbin","develop",277,"2014"
"244","Bordeaux-style Red Blend","France",90,45,"Bordeaux","Haut-Médoc","Château Haut-Logat 2014  Haut-Médoc","Château Haut-Logat","weight",281,"2014"
"245","Bordeaux-style Red Blend","France",90,35,"Bordeaux","Saint-Estèphe","Château Bel-Air Ortet 2009  Saint-Estèphe","Château Bel-Air Ortet","sweet",338,"2009"
"246","Bordeaux-style Red Blend","US",90,58,"Washington","Columbia Valley (WA)","Bergevin Lane 2008 Stone Tree Vineyard Intuition Reserve Red (Columbia Valley (WA))","Bergevin Lane","cassis",328,"2008"
"247","Bordeaux-style Red Blend","France",87,15,"Bordeaux","Bordeaux","Château Saintongey 2014 Vieilles Vignes  (Bordeaux)","Château Saintongey","smoky",376,"2014"
"248","Bordeaux-style Red Blend","France",87,18,"Bordeaux","Blaye Côtes de Bordeaux","Château Cap Saint-Martin 2014  Blaye Côtes de Bordeaux","Château Cap Saint-Martin","bright",285,"2014"
"249","Bordeaux-style Red Blend","France",88,26,"Southwest France","Montravel","Château Puy-Servain 2003 Vieilles Vignes  (Montravel)","Château Puy-Servain","vintage",371,"2003"
"250","Bordeaux-style Red Blend","France",88,45,"Bordeaux","Haut-Médoc","Château Balac 2012 Cru Bourgeois  (Haut-Médoc)","Château Balac","light",331,"2012"
"251","Riesling","US",87,13,"Michigan","Lake Michigan Shore","St. Julian 2013 Reserve Late Harvest Riesling (Lake Michigan Shore)","St. Julian","pineapple",303,"2013"
"252","Riesling","US",87,13,"Michigan","Lake Michigan Shore","St. Julian 2013 Reserve Late Harvest Riesling (Lake Michigan Shore)","St. Julian","lemon",1552,"2013"
"253","Riesling","US",87,13,"Michigan","Lake Michigan Shore","St. Julian 2013 Reserve Late Harvest Riesling (Lake Michigan Shore)","St. Julian","orange",531,"2013"
"254","Riesling","US",87,13,"Michigan","Lake Michigan Shore","St. Julian 2013 Reserve Late Harvest Riesling (Lake Michigan Shore)","St. Julian","honey",749,"2013"
"255","Riesling","US",87,13,"Michigan","Lake Michigan Shore","St. Julian 2013 Reserve Late Harvest Riesling (Lake Michigan Shore)","St. Julian","slightly",315,"2013"
"256","Riesling","Germany",87,24,"Mosel","","Richard Böcking 2013 Devon Riesling (Mosel)","Richard Böcking","zesty",496,"2013"
"257","Riesling","Germany",87,24,"Mosel","","Richard Böcking 2013 Devon Riesling (Mosel)","Richard Böcking","apple",1163,"2013"
"258","Riesling","Germany",87,24,"Mosel","","Richard Böcking 2013 Devon Riesling (Mosel)","Richard Böcking","mineral",724,"2013"
"259","Riesling","Germany",87,24,"Mosel","","Richard Böcking 2013 Devon Riesling (Mosel)","Richard Böcking","riesling",2098,"2013"
"260","Riesling","Germany",87,24,"Mosel","","Richard Böcking 2013 Devon Riesling (Mosel)","Richard Böcking","refreshing",406,"2013"
"261","Riesling","US",86,13,"California","Lake County","The White Knight 2011 Riesling (Lake County)","The White Knight","sweet",1050,"2011"
"262","Riesling","US",86,13,"California","Lake County","The White Knight 2011 Riesling (Lake County)","The White Knight","white",683,"2011"
"263","Riesling","US",86,13,"California","Lake County","The White Knight 2011 Riesling (Lake County)","The White Knight","sugar",362,"2011"
"264","Riesling","US",86,13,"California","Lake County","The White Knight 2011 Riesling (Lake County)","The White Knight","crisp",577,"2011"
"265","Riesling","Germany",86,9,"Rheinhessen","","Schmitt Söhne 2015 Riesling (Rheinhessen)","Schmitt Söhne","lend",320,"2015"
"266","Riesling","Germany",86,9,"Rheinhessen","","Schmitt Söhne 2015 Riesling (Rheinhessen)","Schmitt Söhne","savory",350,"2015"
"267","Riesling","Germany",86,9,"Rheinhessen","","Schmitt Söhne 2015 Riesling (Rheinhessen)","Schmitt Söhne","medium",315,"2015"
"268","Riesling","Germany",86,9,"Rheinhessen","","Schmitt Söhne 2015 Riesling (Rheinhessen)","Schmitt Söhne","tangerine",693,"2015"
"269","Riesling","Germany",86,9,"Rheinhessen","","Schmitt Söhne 2015 Riesling (Rheinhessen)","Schmitt Söhne","stone",628,"2015"
"270","Riesling","Germany",86,9,"Rheinhessen","","Schmitt Söhne 2015 Riesling (Rheinhessen)","Schmitt Söhne","fruit",1319,"2015"
"271","Riesling","Germany",86,10,"Rheinhessen","","P.J. Valckenberg 2015 Undone Dry Riesling (Rheinhessen)","P.J. Valckenberg","tones",308,"2015"
"272","Riesling","Germany",86,10,"Rheinhessen","","P.J. Valckenberg 2015 Undone Dry Riesling (Rheinhessen)","P.J. Valckenberg","fresh",1001,"2015"
"273","Riesling","US",88,20,"New York","Finger Lakes","Heron Hill 2015 Ingle Vineyard Riesling (Finger Lakes)","Heron Hill","bright",418,"2015"
"274","Riesling","US",88,20,"New York","Finger Lakes","Heron Hill 2015 Ingle Vineyard Riesling (Finger Lakes)","Heron Hill","delicate",368,"2015"
"275","Riesling","US",87,20,"New York","Finger Lakes","Lamoreaux Landing 2014 Red Oak Vineyard Riesling (Finger Lakes)","Lamoreaux Landing","light",557,"2014"
"276","Riesling","US",87,20,"New York","Finger Lakes","Lamoreaux Landing 2014 Red Oak Vineyard Riesling (Finger Lakes)","Lamoreaux Landing","bodied",337,"2014"
"277","Riesling","US",87,20,"New York","Finger Lakes","Lamoreaux Landing 2014 Red Oak Vineyard Riesling (Finger Lakes)","Lamoreaux Landing","concentrated",537,"2014"
"278","Riesling","US",87,20,"New York","Finger Lakes","Lamoreaux Landing 2014 Yellow Dog Vineyard Riesling (Finger Lakes)","Lamoreaux Landing","pear",547,"2014"
"279","Riesling","US",87,20,"New York","Finger Lakes","Lamoreaux Landing 2014 Yellow Dog Vineyard Riesling (Finger Lakes)","Lamoreaux Landing","lime",1236,"2014"
"280","Riesling","France",92,80,"Alsace","Alsace","Dopff & Irion 2004 Schoenenbourg Grand Cru Vendanges Tardives Riesling (Alsace)","Dopff & Irion","minerality",394,"2004"
"281","Riesling","France",92,80,"Alsace","Alsace","Dopff & Irion 2004 Schoenenbourg Grand Cru Vendanges Tardives Riesling (Alsace)","Dopff & Irion","ripe",936,"2004"
"282","Riesling","France",92,80,"Alsace","Alsace","Dopff & Irion 2004 Schoenenbourg Grand Cru Vendanges Tardives Riesling (Alsace)","Dopff & Irion","citrus",982,"2004"
"283","Riesling","France",92,80,"Alsace","Alsace","Dopff & Irion 2004 Schoenenbourg Grand Cru Vendanges Tardives Riesling (Alsace)","Dopff & Irion","rich",424,"2004"
"284","Riesling","France",92,80,"Alsace","Alsace","Dopff & Irion 2004 Schoenenbourg Grand Cru Vendanges Tardives Riesling (Alsace)","Dopff & Irion","juicy",525,"2004"
"285","Riesling","US",90,17,"California","Santa Lucia Highlands","Banyan 2007 Riesling (Santa Lucia Highlands)","Banyan","peach",1216,"2007"
"286","Riesling","US",90,17,"California","Santa Lucia Highlands","Banyan 2007 Riesling (Santa Lucia Highlands)","Banyan","apricot",419,"2007"
"287","Riesling","Germany",91,16,"Rheinhessen","","Weingut Liebfrauenstift 2014 Dry Riesling (Rheinhessen)","Weingut Liebfrauenstift","grapefruit",650,"2014"
"288","Riesling","Germany",91,14,"Mosel","","Carl Graff 2014 Graacher Himmelreich Spätlese Riesling (Mosel)","Carl Graff","fruity",519,"2014"
"289","Riesling","Germany",91,30,"Mosel","","Fritz Haag 2014 Brauneberger Feinherb Riesling (Mosel)","Fritz Haag","tart",547,"2014"
"290","Riesling","Germany",91,30,"Mosel","","Fritz Haag 2014 Brauneberger Feinherb Riesling (Mosel)","Fritz Haag","yellow",444,"2014"
"291","Riesling","Germany",91,22,"Mosel","","Fritz Haag 2014 Riesling (Mosel)","Fritz Haag","sweetness",299,"2014"
"292","Riesling","Germany",91,22,"Mosel","","Fritz Haag 2014 Riesling (Mosel)","Fritz Haag","green",450,"2014"
"293","Riesling","US",85,14,"New York","Cayuga Lake","Treleaven 2006 Semi-Dry Riesling (Cayuga Lake)","Treleaven","finishes",375,"2006"
"294","Riesling","US",85,14,"New York","Finger Lakes","Red Newt Cellars 2007 Riesling (Finger Lakes)","Red Newt Cellars","spice",375,"2007"
"295","Riesling","US",89,16,"Washington","Snipes Mountain","Pomum 2014 Upland Vineyard Riesling (Snipes Mountain)","Pomum","floral",361,"2014"
"296","Riesling","Germany",91,22,"Mosel","","Maximin Grünhäuser 2015 Trocken Riesling (Mosel)","Maximin Grünhäuser","zest",366,"2015"
"297","Riesling","France",92,34,"Alsace","Alsace","Jean-Marc Bernhard 2013 Wineck-Schlossberg Grand Cru Riesling (Alsace)","Jean-Marc Bernhard","freshness",443,"2013"
"298","Riesling","France",92,34,"Alsace","Alsace","Jean-Marc Bernhard 2013 Wineck-Schlossberg Grand Cru Riesling (Alsace)","Jean-Marc Bernhard","clean",408,"2013"
"299","Riesling","France",92,34,"Alsace","Alsace","Jean-Marc Bernhard 2013 Wineck-Schlossberg Grand Cru Riesling (Alsace)","Jean-Marc Bernhard","brisk",350,"2013"
"300","Riesling","Germany",92,34,"Mosel","","Reichsgraf von Kesselstatt 2014 Brauneberger Juffer-Sonnenuhr Spätlese Grosse Lage Riesling (Mosel)","Reichsgraf von Kesselstatt","aromatic",293,"2014"
"301","Sauvignon Blanc","US",86,20,"California","Sonoma Valley","Envolve 2011 Sauvignon Blanc (Sonoma Valley)","Envolve","tart",338,"2011"
"302","Sauvignon Blanc","US",86,20,"California","Sonoma Valley","Envolve 2011 Sauvignon Blanc (Sonoma Valley)","Envolve","green",1222,"2011"
"303","Sauvignon Blanc","US",86,20,"California","Sonoma Valley","Envolve 2011 Sauvignon Blanc (Sonoma Valley)","Envolve","gooseberry",375,"2011"
"304","Sauvignon Blanc","US",86,20,"California","Sonoma Valley","Envolve 2011 Sauvignon Blanc (Sonoma Valley)","Envolve","sauvignon",1219,"2011"
"305","Sauvignon Blanc","US",86,20,"California","Sonoma Valley","Envolve 2011 Sauvignon Blanc (Sonoma Valley)","Envolve","blanc",1117,"2011"
"306","Sauvignon Blanc","US",86,20,"California","Sonoma Valley","Envolve 2011 Sauvignon Blanc (Sonoma Valley)","Envolve","tropical",563,"2011"
"307","Sauvignon Blanc","US",86,20,"California","Sonoma Valley","Envolve 2011 Sauvignon Blanc (Sonoma Valley)","Envolve","fruit",1405,"2011"
"308","Sauvignon Blanc","US",86,20,"California","Sonoma Valley","Envolve 2011 Sauvignon Blanc (Sonoma Valley)","Envolve","orange",298,"2011"
"309","Sauvignon Blanc","US",86,14,"California","Paso Robles","Robert Hall 2011 Sauvignon Blanc (Paso Robles)","Robert Hall","clean",507,"2011"
"310","Sauvignon Blanc","US",86,14,"California","Paso Robles","Robert Hall 2011 Sauvignon Blanc (Paso Robles)","Robert Hall","slightly",268,"2011"
"311","Sauvignon Blanc","US",86,14,"California","Paso Robles","Robert Hall 2011 Sauvignon Blanc (Paso Robles)","Robert Hall","rich",425,"2011"
"312","Sauvignon Blanc","US",86,14,"California","Paso Robles","Robert Hall 2011 Sauvignon Blanc (Paso Robles)","Robert Hall","citrus",1297,"2011"
"313","Sauvignon Blanc","US",86,14,"California","Paso Robles","Robert Hall 2011 Sauvignon Blanc (Paso Robles)","Robert Hall","pear",353,"2011"
"314","Sauvignon Blanc","US",86,14,"California","Paso Robles","Robert Hall 2011 Sauvignon Blanc (Paso Robles)","Robert Hall","grapefruit",917,"2011"
"315","Sauvignon Blanc","US",86,16,"Virginia","Monticello","Trump 2011 Sauvignon Blanc (Monticello)","Trump","passion",286,"2011"
"316","Sauvignon Blanc","US",86,16,"Virginia","Monticello","Trump 2011 Sauvignon Blanc (Monticello)","Trump","grassy",338,"2011"
"317","Sauvignon Blanc","US",86,16,"Virginia","Monticello","Trump 2011 Sauvignon Blanc (Monticello)","Trump","apricot",204,"2011"
"318","Sauvignon Blanc","US",86,26,"California","Santa Ynez Valley","Sevtap 2015 Golden Horn Sauvignon Blanc (Santa Ynez Valley)","Sevtap","apple",742,"2015"
"319","Sauvignon Blanc","New Zealand",88,19,"Marlborough","","Stoneleigh 2008 Sauvignon Blanc (Marlborough)","Stoneleigh","stone",223,"2008"
"320","Sauvignon Blanc","New Zealand",88,19,"Marlborough","","Stoneleigh 2008 Sauvignon Blanc (Marlborough)","Stoneleigh","fresh",830,"2008"
"321","Sauvignon Blanc","New Zealand",88,19,"Marlborough","","Stoneleigh 2008 Sauvignon Blanc (Marlborough)","Stoneleigh","light",544,"2008"
"322","Sauvignon Blanc","Australia",85,15,"South Australia","Adelaide Hills","Long Flat 2006 Destinations Sauvignon Blanc (Adelaide Hills)","Long Flat","lemon",822,"2006"
"323","Sauvignon Blanc","Italy",88,23,"Northeastern Italy","Alto Adige","Elena Walch 2002 Castel Ringberg Sauvignon Blanc (Alto Adige)","Elena Walch","crisp",1064,"2002"
"324","Sauvignon Blanc","Italy",88,23,"Northeastern Italy","Alto Adige","Elena Walch 2002 Castel Ringberg Sauvignon Blanc (Alto Adige)","Elena Walch","lively",251,"2002"
"325","Sauvignon Blanc","US",88,19,"California","Mendocino County","Ceago Vinegarden 2001 Kathleen's Vineyard Sauvignon Blanc (Mendocino County)","Ceago Vinegarden","white",798,"2001"
"326","Sauvignon Blanc","US",88,19,"California","Mendocino County","Ceago Vinegarden 2001 Kathleen's Vineyard Sauvignon Blanc (Mendocino County)","Ceago Vinegarden","fruits",437,"2001"
"327","Sauvignon Blanc","US",88,19,"California","Mendocino County","Ceago Vinegarden 2001 Kathleen's Vineyard Sauvignon Blanc (Mendocino County)","Ceago Vinegarden","melon",548,"2001"
"328","Sauvignon Blanc","US",88,19,"California","Mendocino County","Ceago Vinegarden 2001 Kathleen's Vineyard Sauvignon Blanc (Mendocino County)","Ceago Vinegarden","peach",415,"2001"
"329","Sauvignon Blanc","US",88,19,"California","Mendocino County","Ceago Vinegarden 2001 Kathleen's Vineyard Sauvignon Blanc (Mendocino County)","Ceago Vinegarden","sweet",368,"2001"
"330","Sauvignon Blanc","US",88,18,"California","Rutherford","Vinoce 2001 Sauvignon Blanc (Rutherford)","Vinoce","herb",212,"2001"
"331","Sauvignon Blanc","US",88,18,"California","Rutherford","Vinoce 2001 Sauvignon Blanc (Rutherford)","Vinoce","grass",403,"2001"
"332","Sauvignon Blanc","US",88,18,"California","Rutherford","Vinoce 2001 Sauvignon Blanc (Rutherford)","Vinoce","mineral",300,"2001"
"333","Sauvignon Blanc","US",88,17,"California","Alexander Valley","Murphy-Goode 2000 Reserve Fume Sauvignon Blanc (Alexander Valley)","Murphy-Goode","lime",911,"2000"
"334","Sauvignon Blanc","US",87,12,"California","Santa Ynez Valley","Bridlewood 2000 Sauvignon Blanc (Santa Ynez Valley)","Bridlewood","ripe",791,"2000"
"335","Sauvignon Blanc","US",87,12,"California","Santa Ynez Valley","Bridlewood 2000 Sauvignon Blanc (Santa Ynez Valley)","Bridlewood","refreshing",374,"2000"
"336","Sauvignon Blanc","US",89,30,"California","Santa Ynez Valley","Ojai 2014 McGinley Vineyard Sauvignon Blanc (Santa Ynez Valley)","Ojai","easy",225,"2014"
"337","Sauvignon Blanc","US",87,19,"California","Russian River Valley","Hanna 2011 Sauvignon Blanc (Russian River Valley)","Hanna","pineapple",405,"2011"
"338","Sauvignon Blanc","Austria",89,20,"Südsteiermark","","Strauss 2016 Classic Sauvignon Blanc (Südsteiermark)","Strauss","zesty",250,"2016"
"339","Sauvignon Blanc","South Africa",91,50,"Stellenbosch","","Reyneke 2013 Reserve Sauvignon Blanc (Stellenbosch)","Reyneke","medium",397,"2013"
"340","Sauvignon Blanc","South Africa",91,50,"Stellenbosch","","Reyneke 2013 Reserve Sauvignon Blanc (Stellenbosch)","Reyneke","minerality",242,"2013"
"341","Sauvignon Blanc","New Zealand",91,28,"Marlborough","","Saint Clair 2014 Pioneer Block 20 Dillons Point Cash Block Sauvignon Blanc (Marlborough)","Saint Clair","herbal",401,"2014"
"342","Sauvignon Blanc","US",91,23,"California","Russian River Valley","Dutton Estate 2013 Cohen Vineyard Dutton Ranch Sauvignon Blanc (Russian River Valley)","Dutton Estate","bodied",486,"2013"
"343","Sauvignon Blanc","Argentina",87,12,"Mendoza Province","Tupungato","Finca Sophenia 2015 Altosur Sauvignon Blanc (Tupungato)","Finca Sophenia","tangy",316,"2015"
"344","Sauvignon Blanc","France",85,10,"Bordeaux","Bordeaux Blanc","Château Lamothe-Vincent 2008 Sauvignon  (Bordeaux Blanc)","Château Lamothe-Vincent","fruity",304,"2008"
"345","Sauvignon Blanc","US",88,12,"California","California","Dancing Bull 2007 Sauvignon Blanc (California)","Dancing Bull","vanilla",352,"2007"
"346","Sauvignon Blanc","France",88,22,"Loire Valley","Sancerre","Fournier Père et Fils 2006 Les Belles Vignes  (Sancerre)","Fournier Père et Fils","soft",322,"2006"
"347","Sauvignon Blanc","US",90,15,"Washington","Horse Heaven Hills","Chateau Ste. Michelle 2013 Horse Heaven Vineyard Sauvignon Blanc (Horse Heaven Hills)","Chateau Ste. Michelle","creamy",215,"2013"
"348","Sauvignon Blanc","France",89,20,"Loire Valley","Menetou-Salon","Domaine de l'Ermitage 2013  Menetou-Salon","Domaine de l'Ermitage","tight",205,"2013"
"349","Sauvignon Blanc","France",88,30,"Bordeaux","Pessac-Léognan","Château Larrivet Haut-Brion 2014 Les Hauts de Larrivet Haut-Brion  (Pessac-Léognan)","Château Larrivet Haut-Brion","bright",389,"2014"
"350","Sauvignon Blanc","Chile",87,19,"Aconcagua Valley","","Errazuriz 2012 Max Reserva Sauvignon Blanc (Aconcagua Valley)","Errazuriz","pepper",299,"2012"
"351","Syrah","US",87,44,"California","Central Coast","Rideau 2014 Estate Syrah","Rideau","cherry",844,"2014"
"352","Syrah","US",87,44,"California","Central Coast","Rideau 2014 Estate Syrah","Rideau","light",262,"2014"
"353","Syrah","US",91,46,"California","Paso Robles","Alta Colina 2012 Old 900 Syrah (Paso Robles)","Alta Colina","dark",669,"2012"
"354","Syrah","US",91,46,"California","Paso Robles","Alta Colina 2012 Old 900 Syrah (Paso Robles)","Alta Colina","blueberry",363,"2012"
"355","Syrah","US",91,46,"California","Paso Robles","Alta Colina 2012 Old 900 Syrah (Paso Robles)","Alta Colina","barrel",212,"2012"
"356","Syrah","US",91,46,"California","Paso Robles","Alta Colina 2012 Old 900 Syrah (Paso Robles)","Alta Colina","vanilla",345,"2012"
"357","Syrah","US",91,46,"California","Paso Robles","Alta Colina 2012 Old 900 Syrah (Paso Robles)","Alta Colina","tannins",1049,"2012"
"358","Syrah","US",91,46,"California","Paso Robles","Alta Colina 2012 Old 900 Syrah (Paso Robles)","Alta Colina","purple",233,"2012"
"359","Syrah","US",91,36,"California","Santa Cruz Mountains","Big Basin 2013 Syrah (Santa Cruz Mountains)","Big Basin","smoked",248,"2013"
"360","Syrah","US",91,36,"California","Santa Cruz Mountains","Big Basin 2013 Syrah (Santa Cruz Mountains)","Big Basin","black",1430,"2013"
"361","Syrah","US",91,36,"California","Santa Cruz Mountains","Big Basin 2013 Syrah (Santa Cruz Mountains)","Big Basin","currant",233,"2013"
"362","Syrah","US",91,36,"California","Santa Cruz Mountains","Big Basin 2013 Syrah (Santa Cruz Mountains)","Big Basin","plum",554,"2013"
"363","Syrah","US",91,36,"California","Santa Cruz Mountains","Big Basin 2013 Syrah (Santa Cruz Mountains)","Big Basin","pepper",1077,"2013"
"364","Syrah","US",91,36,"California","Santa Cruz Mountains","Big Basin 2013 Syrah (Santa Cruz Mountains)","Big Basin","savory",331,"2013"
"365","Syrah","US",91,36,"California","Santa Cruz Mountains","Big Basin 2013 Syrah (Santa Cruz Mountains)","Big Basin","boysenberry",215,"2013"
"366","Syrah","US",91,36,"California","Santa Cruz Mountains","Big Basin 2013 Syrah (Santa Cruz Mountains)","Big Basin","chocolate",533,"2013"
"367","Syrah","US",88,25,"California","Sonoma Valley","Kenwood 2005 Jack London Vineyard Syrah (Sonoma Valley)","Kenwood","dense",247,"2005"
"368","Syrah","US",88,25,"California","Sonoma Valley","Kenwood 2005 Jack London Vineyard Syrah (Sonoma Valley)","Kenwood","tannic",356,"2005"
"369","Syrah","US",88,25,"California","Sonoma Valley","Kenwood 2005 Jack London Vineyard Syrah (Sonoma Valley)","Kenwood","peppery",222,"2005"
"370","Syrah","US",88,25,"California","Sonoma Valley","Kenwood 2005 Jack London Vineyard Syrah (Sonoma Valley)","Kenwood","syrah",1514,"2005"
"371","Syrah","US",88,25,"California","Sonoma Valley","Kenwood 2005 Jack London Vineyard Syrah (Sonoma Valley)","Kenwood","ripe",562,"2005"
"372","Syrah","US",88,25,"California","Sonoma Valley","Kenwood 2005 Jack London Vineyard Syrah (Sonoma Valley)","Kenwood","blackberry",958,"2005"
"373","Syrah","US",88,25,"California","Sonoma Valley","Kenwood 2005 Jack London Vineyard Syrah (Sonoma Valley)","Kenwood","fruit",1730,"2005"
"374","Syrah","Israel",90,50,"Judean Hills","","Yatir 2011 Syrah (Judean Hills)","Yatir","raspberry",309,"2011"
"375","Syrah","Israel",90,50,"Judean Hills","","Yatir 2011 Syrah (Judean Hills)","Yatir","berry",455,"2011"
"376","Syrah","Israel",90,50,"Judean Hills","","Yatir 2011 Syrah (Judean Hills)","Yatir","spice",581,"2011"
"377","Syrah","US",85,49,"California","Santa Barbara County","Testarossa 2006 Thompson Vineyard Syrah (Santa Barbara County)","Testarossa","sweet",375,"2006"
"378","Syrah","South Africa",89,19,"Stellenbosch","","Jardin 2007 Syrah (Stellenbosch)","Jardin","earthy",210,"2007"
"379","Syrah","South Africa",89,19,"Stellenbosch","","Jardin 2007 Syrah (Stellenbosch)","Jardin","meat",441,"2007"
"380","Syrah","New Zealand",87,18,"Hawke's Bay","","Otto's Constant Dream 2008 Syrah (Hawke's Bay)","Otto's Constant Dream","tart",279,"2008"
"381","Syrah","US",85,45,"California","Santa Barbara County","Vino V 2005 White Hawk Vineyard Syrah (Santa Barbara County)","Vino V","leather",275,"2005"
"382","Syrah","US",85,45,"California","Santa Barbara County","Vino V 2005 White Hawk Vineyard Syrah (Santa Barbara County)","Vino V","blackberries",287,"2005"
"383","Syrah","US",85,45,"California","Santa Barbara County","Vino V 2005 White Hawk Vineyard Syrah (Santa Barbara County)","Vino V","firm",253,"2005"
"384","Syrah","US",89,42,"Washington","Wahluke Slope","Milbrandt 2013 The Estates Clifton Hill Vineyard Syrah (Wahluke Slope)","Milbrandt","coffee",347,"2013"
"385","Syrah","US",89,42,"Washington","Wahluke Slope","Milbrandt 2013 The Estates Clifton Hill Vineyard Syrah (Wahluke Slope)","Milbrandt","rich",572,"2013"
"386","Syrah","US",89,42,"Washington","Wahluke Slope","Milbrandt 2013 The Estates Clifton Hill Vineyard Syrah (Wahluke Slope)","Milbrandt","bodied",453,"2013"
"387","Syrah","US",87,28,"Washington","Wahluke Slope","Camaraderie 2009 Clifton Vineyard Syrah (Wahluke Slope)","Camaraderie","herb",307,"2009"
"388","Syrah","US",87,28,"Washington","Wahluke Slope","Camaraderie 2009 Clifton Vineyard Syrah (Wahluke Slope)","Camaraderie","earth",239,"2009"
"389","Syrah","US",93,62,"California","Paso Robles","Four Lanterns 2013 Fire Light Syrah (Paso Robles)","Four Lanterns","spicy",257,"2013"
"390","Syrah","US",93,62,"California","Paso Robles","Four Lanterns 2013 Fire Light Syrah (Paso Robles)","Four Lanterns","fresh",254,"2013"
"391","Syrah","US",89,50,"Washington","Yakima Valley","Ardor 2015 Art Den Hoed Vineyard Syrah (Yakima Valley)","Ardor","olive",215,"2015"
"392","Syrah","Italy",90,50,"Tuscany","Cortona","Baracchi Riccardo 2011 Smeriglio Riserva Syrah (Cortona)","Baracchi Riccardo","concentrated",210,"2011"
"393","Syrah","Italy",90,50,"Tuscany","Cortona","Baracchi Riccardo 2011 Smeriglio Riserva Syrah (Cortona)","Baracchi Riccardo","dried",302,"2011"
"394","Syrah","Italy",90,50,"Tuscany","Cortona","Baracchi Riccardo 2011 Smeriglio Riserva Syrah (Cortona)","Baracchi Riccardo","soft",423,"2011"
"395","Syrah","US",87,28,"California","Dry Creek Valley","Mounts 2008 Estate Grown Syrah (Dry Creek Valley)","Mounts","bacon",218,"2008"
"396","Syrah","US",90,42,"California","Mendocino Ridge","Donkey & Goat 2013 Perli Vineyards Syrah (Mendocino Ridge)","Donkey & Goat","smoke",247,"2013"
"397","Syrah","US",90,29,"California","Mendocino Ridge","Greenwood Ridge 2013 Estate Bottled Syrah (Mendocino Ridge)","Greenwood Ridge","smoky",217,"2013"
"398","Syrah","US",85,35,"California","Alexander Valley","Alexander Valley Vineyards 2006 Alexander School Reserve Big Barrel Syrah (Alexander Valley)","Alexander Valley Vineyards","herbal",217,"2006"
"399","Syrah","US",88,28,"Oregon","Walla Walla Valley (OR)","WildAire 2012 Spofford Station Syrah (Walla Walla Valley (OR))","WildAire","herbs",272,"2012"
"400","Syrah","US",93,75,"California","Santa Barbara County","Central Coast Group Project 2013 Fauve Thompson Vineyard Syrah (Santa Barbara County)","Central Coast Group Project","licorice",379,"2013"
"401","Rosé","Australia",86,20,"South Australia","McLaren Vale","Mitolo 2016 Jester Sangiovese Rosé (McLaren Vale)","Mitolo","pale",308,"2016"
"402","Rosé","Australia",86,20,"South Australia","McLaren Vale","Mitolo 2016 Jester Sangiovese Rosé (McLaren Vale)","Mitolo","fruit",893,"2016"
"403","Rosé","Australia",86,20,"South Australia","McLaren Vale","Mitolo 2016 Jester Sangiovese Rosé (McLaren Vale)","Mitolo","crisp",868,"2016"
"404","Rosé","Australia",86,20,"South Australia","McLaren Vale","Mitolo 2016 Jester Sangiovese Rosé (McLaren Vale)","Mitolo","medium",209,"2016"
"405","Rosé","France",83,16,"Languedoc-Roussillon","Languedoc","Château Notre Dame du Quatourze 2015 Rosé (Languedoc)","Château Notre Dame du Quatourze","soft",444,"2015"
"406","Rosé","France",83,16,"Languedoc-Roussillon","Languedoc","Château Notre Dame du Quatourze 2015 Rosé (Languedoc)","Château Notre Dame du Quatourze","currant",255,"2015"
"407","Rosé","France",83,16,"Languedoc-Roussillon","Languedoc","Château Notre Dame du Quatourze 2015 Rosé (Languedoc)","Château Notre Dame du Quatourze","cherry",520,"2015"
"408","Rosé","France",83,16,"Languedoc-Roussillon","Languedoc","Château Notre Dame du Quatourze 2015 Rosé (Languedoc)","Château Notre Dame du Quatourze","light",765,"2015"
"409","Rosé","France",82,11,"Provence","Coteaux Varois en Provence","Mémoires 2015 Rosé (Coteaux Varois en Provence)","Mémoires","pepper",175,"2015"
"410","Rosé","France",82,11,"Provence","Coteaux Varois en Provence","Mémoires 2015 Rosé (Coteaux Varois en Provence)","Mémoires","edge",158,"2015"
"411","Rosé","US",89,18,"New York","New York","Lieb 2015 Bridge Lane Rosé (New York)","Lieb","berry",357,"2015"
"412","Rosé","US",89,18,"New York","New York","Lieb 2015 Bridge Lane Rosé (New York)","Lieb","bodied",313,"2015"
"413","Rosé","France",87,20,"Provence","Côtes de Provence","Domaine du Grand Cros 2011 L'Esprit de Provence Rosé (Côtes de Provence)","Domaine du Grand Cros","ripe",690,"2011"
"414","Rosé","France",87,20,"Provence","Côtes de Provence","Domaine du Grand Cros 2011 L'Esprit de Provence Rosé (Côtes de Provence)","Domaine du Grand Cros","tight",150,"2011"
"415","Rosé","Spain",87,11,"Northern Spain","Rioja","El Coto 2011 Rosado Rosé (Rioja)","El Coto","watermelon",224,"2011"
"416","Rosé","Spain",87,11,"Northern Spain","Rioja","El Coto 2011 Rosado Rosé (Rioja)","El Coto","vanilla",151,"2011"
"417","Rosé","Spain",87,11,"Northern Spain","Rioja","El Coto 2011 Rosado Rosé (Rioja)","El Coto","strawberry",711,"2011"
"418","Rosé","France",93,20,"Provence","Coteaux d'Aix-en-Provence","Château Vignelaure 2015 Rosé (Coteaux d'Aix-en-Provence)","Château Vignelaure","rich",353,"2015"
"419","Rosé","France",93,20,"Provence","Coteaux d'Aix-en-Provence","Château Vignelaure 2015 Rosé (Coteaux d'Aix-en-Provence)","Château Vignelaure","cabernet",169,"2015"
"420","Rosé","France",93,20,"Provence","Coteaux d'Aix-en-Provence","Château Vignelaure 2015 Rosé (Coteaux d'Aix-en-Provence)","Château Vignelaure","syrah",314,"2015"
"421","Rosé","France",93,20,"Provence","Coteaux d'Aix-en-Provence","Château Vignelaure 2015 Rosé (Coteaux d'Aix-en-Provence)","Château Vignelaure","fruits",614,"2015"
"422","Rosé","France",93,40,"Provence","Côtes de Provence Sainte-Victoire","Mas de Cadenet 2015 Mas Negrel Cadenet Rosé (Côtes de Provence Sainte-Victoire)","Mas de Cadenet","caramel",221,"2015"
"423","Rosé","France",93,40,"Provence","Côtes de Provence Sainte-Victoire","Mas de Cadenet 2015 Mas Negrel Cadenet Rosé (Côtes de Provence Sainte-Victoire)","Mas de Cadenet","spice",329,"2015"
"424","Rosé","France",93,40,"Provence","Côtes de Provence Sainte-Victoire","Mas de Cadenet 2015 Mas Negrel Cadenet Rosé (Côtes de Provence Sainte-Victoire)","Mas de Cadenet","food",209,"2015"
"425","Rosé","France",89,11,"Rhône Valley","Costières de Nîmes","Château de Campuget 2016 Tradition Rosé (Costières de Nîmes)","Château de Campuget","grenache",308,"2016"
"426","Rosé","France",89,11,"Rhône Valley","Costières de Nîmes","Château de Campuget 2016 Tradition Rosé (Costières de Nîmes)","Château de Campuget","citrus",365,"2016"
"427","Rosé","US",89,13,"California","California","Cupcake 2016 Rosé (California)","Cupcake","refreshing",324,"2016"
"428","Rosé","US",89,13,"California","California","Cupcake 2016 Rosé (California)","Cupcake","fresh",636,"2016"
"429","Rosé","France",91,17,"Provence","Côtes de Provence","Château Riotor 2014 Rosé (Côtes de Provence)","Château Riotor","fruity",663,"2014"
"430","Rosé","France",91,20,"Provence","Coteaux d'Aix-en-Provence","Château Vignelaure 2014 Rosé (Coteaux d'Aix-en-Provence)","Château Vignelaure","delicious",167,"2014"
"431","Rosé","France",91,20,"Provence","Côtes de Provence","Domaine de la Bastide Blanche 2014 TwoB Rosé (Côtes de Provence)","Domaine de la Bastide Blanche","bright",516,"2014"
"432","Rosé","France",91,25,"Provence","Côtes de Provence","Domaine Sainte-Marie 2014 VieVité Extraordinaire Rosé (Côtes de Provence)","Domaine Sainte-Marie","tangy",189,"2014"
"433","Rosé","Portugal",85,22,"Alentejano","","Cortes de Cima 2015 Rosé (Alentejano)","Cortes de Cima","orange",300,"2015"
"434","Rosé","Portugal",85,22,"Alentejano","","Cortes de Cima 2015 Rosé (Alentejano)","Cortes de Cima","attractive",329,"2015"
"435","Rosé","Portugal",85,9,"Vinho Verde","","Quinta de Paços 2015 Casa de Paços Rosé (Vinho Verde)","Quinta de Paços","pink",476,"2015"
"436","Rosé","Portugal",85,9,"Vinho Verde","","Quinta de Paços 2015 Casa de Paços Rosé (Vinho Verde)","Quinta de Paços","aftertaste",310,"2015"
"437","Rosé","Portugal",85,12,"Península de Setúbal","","Wines & Winemakers 2015 Casa Ermelinda Freitas Monte de Baía Rosé (Península de Setúbal)","Wines & Winemakers","raspberry",461,"2015"
"438","Rosé","Spain",87,18,"Northern Spain","Cariñena","Ignacio Marín 2015 Wine Wings Garnacha Rosé (Cariñena)","Ignacio Marín","weight",175,"2015"
"439","Rosé","Portugal",88,14,"Douro","","Wines & Winemakers 2015 Lua Cheia em Vinhas Velhas Rosé (Douro)","Wines & Winemakers","lightly",162,"2015"
"440","Rosé","Portugal",88,14,"Douro","","Wines & Winemakers 2015 Lua Cheia em Vinhas Velhas Rosé (Douro)","Wines & Winemakers","mineral",166,"2015"
"441","Rosé","US",90,18,"New York","Finger Lakes","Damiani 2016 Dry Rosé (Finger Lakes)","Damiani","slightly",152,"2016"
"442","Rosé","France",90,21,"Provence","Côtes de Provence","Domaine Clos Gautier 2016 Oser Rosé (Côtes de Provence)","Domaine Clos Gautier","fruitiness",200,"2016"
"443","Rosé","France",90,30,"Provence","Côtes de Provence","Domaine Sainte-Marie 2016 Paparazzi Rosé (Côtes de Provence)","Domaine Sainte-Marie","grapes",151,"2016"
"444","Rosé","France",90,30,"Provence","Côtes de Provence","Domaine Sainte-Marie 2016 Paparazzi Rosé (Côtes de Provence)","Domaine Sainte-Marie","peach",264,"2016"
"445","Rosé","France",86,14,"Bordeaux","Bordeaux Rosé","Chateau le Grand Verdus 2011 Rosé (Bordeaux Rosé)","Chateau le Grand Verdus","clean",227,"2011"
"446","Rosé","France",86,14,"Bordeaux","Bordeaux Rosé","Chateau le Grand Verdus 2011 Rosé (Bordeaux Rosé)","Chateau le Grand Verdus","lively",286,"2011"
"447","Rosé","US",86,13,"California","Mendocino County","Bonterra 2007 Rosé (Mendocino County)","Bonterra","tart",168,"2007"
"448","Rosé","Spain",90,31,"Northern Spain","Rioja","Muga 2016 Flor de Muga Rosé (Rioja)","Muga","sweet",244,"2016"
"449","Rosé","France",86,20,"Bordeaux","Bordeaux Rosé","Château Côte Montpezat 2015 Le Canon de Côte Montpezat Rosé (Bordeaux Rosé)","Château Côte Montpezat","white",197,"2015"
"450","Rosé","US",83,22,"California","Sierra Foothills","Naggiar 2014 Estate Rosé (Sierra Foothills)","Naggiar","smooth",151,"2014"
"451","Merlot","US",87,22,"California","Paso Robles","Bianchi 2011 Signature Selection Merlot (Paso Robles)","Bianchi","cherries",258,"2011"
"452","Merlot","US",87,22,"California","Paso Robles","Bianchi 2011 Signature Selection Merlot (Paso Robles)","Bianchi","black",787,"2011"
"453","Merlot","US",87,22,"California","Paso Robles","Bianchi 2011 Signature Selection Merlot (Paso Robles)","Bianchi","licorice",189,"2011"
"454","Merlot","Chile",86,9,"Maule Valley","","Sundance 2011 Merlot (Maule Valley)","Sundance","berry",427,"2011"
"455","Merlot","Chile",86,9,"Maule Valley","","Sundance 2011 Merlot (Maule Valley)","Sundance","herb",238,"2011"
"456","Merlot","Chile",86,9,"Maule Valley","","Sundance 2011 Merlot (Maule Valley)","Sundance","raspberry",261,"2011"
"457","Merlot","Chile",86,9,"Maule Valley","","Sundance 2011 Merlot (Maule Valley)","Sundance","plum",630,"2011"
"458","Merlot","US",86,55,"California","Knights Valley","Passaggio 2014 Blau Vineyards Merlot (Knights Valley)","Passaggio","tannins",1060,"2014"
"459","Merlot","US",86,55,"California","Knights Valley","Passaggio 2014 Blau Vineyards Merlot (Knights Valley)","Passaggio","light",237,"2014"
"460","Merlot","US",86,55,"California","Knights Valley","Passaggio 2014 Blau Vineyards Merlot (Knights Valley)","Passaggio","bodied",348,"2014"
"461","Merlot","US",86,55,"California","Knights Valley","Passaggio 2014 Blau Vineyards Merlot (Knights Valley)","Passaggio","herbal",234,"2014"
"462","Merlot","US",86,55,"California","Knights Valley","Passaggio 2014 Blau Vineyards Merlot (Knights Valley)","Passaggio","pepper",236,"2014"
"463","Merlot","US",86,55,"California","Knights Valley","Passaggio 2014 Blau Vineyards Merlot (Knights Valley)","Passaggio","cherry",1181,"2014"
"464","Merlot","Chile",88,11,"Colchagua Valley","","Viña Bisquertt 2007 Casa La Joya Reserve Merlot (Colchagua Valley)","Viña Bisquertt","dark",329,"2007"
"465","Merlot","Chile",88,11,"Colchagua Valley","","Viña Bisquertt 2007 Casa La Joya Reserve Merlot (Colchagua Valley)","Viña Bisquertt","ripe",454,"2007"
"466","Merlot","Chile",88,11,"Colchagua Valley","","Viña Bisquertt 2007 Casa La Joya Reserve Merlot (Colchagua Valley)","Viña Bisquertt","smooth",257,"2007"
"467","Merlot","Chile",88,11,"Colchagua Valley","","Viña Bisquertt 2007 Casa La Joya Reserve Merlot (Colchagua Valley)","Viña Bisquertt","spice",462,"2007"
"468","Merlot","Chile",88,11,"Colchagua Valley","","Viña Bisquertt 2007 Casa La Joya Reserve Merlot (Colchagua Valley)","Viña Bisquertt","blackberry",431,"2007"
"469","Merlot","US",85,25,"California","Sonoma Mountain","Work 2004 Reserve Merlot (Sonoma Mountain)","Work","smoky",164,"2004"
"470","Merlot","US",85,25,"California","Sonoma Mountain","Work 2004 Reserve Merlot (Sonoma Mountain)","Work","soft",524,"2004"
"471","Merlot","Chile",86,18,"Curicó Valley","","Aresti 2007 Reserva Merlot (Curicó Valley)","Aresti","juicy",173,"2007"
"472","Merlot","Chile",86,18,"Curicó Valley","","Aresti 2007 Reserva Merlot (Curicó Valley)","Aresti","fruit",1138,"2007"
"473","Merlot","Chile",86,18,"Curicó Valley","","Aresti 2007 Reserva Merlot (Curicó Valley)","Aresti","cassis",144,"2007"
"474","Merlot","Chile",88,12,"Rapel Valley","","Lapostolle 2002 Estate Bottled Merlot (Rapel Valley)","Lapostolle","chocolate",414,"2002"
"475","Merlot","Chile",88,12,"Rapel Valley","","Lapostolle 2002 Estate Bottled Merlot (Rapel Valley)","Lapostolle","coffee",192,"2002"
"476","Merlot","US",88,34,"California","Russian River Valley","Merriam 2000 Windacre Vineyard Merlot (Russian River Valley)","Merriam","fresh",166,"2000"
"477","Merlot","Chile",87,12,"Maipo Valley","","Undurraga 2001 Reserva Merlot (Maipo Valley)","Undurraga","sweet",342,"2001"
"478","Merlot","Chile",87,12,"Maipo Valley","","Undurraga 2001 Reserva Merlot (Maipo Valley)","Undurraga","tannic",254,"2001"
"479","Merlot","US",89,30,"Washington","Columbia Valley (WA)","Guardian 2013 Confidential Source Merlot (Columbia Valley (WA))","Guardian","barrel",163,"2013"
"480","Merlot","US",89,30,"Washington","Columbia Valley (WA)","Guardian 2013 Confidential Source Merlot (Columbia Valley (WA))","Guardian","spicy",176,"2013"
"481","Merlot","Chile",91,35,"Colchagua Valley","","Cono Sur 2012 20 Barrels Limited Edition Peralillo Estate Merlot (Colchagua Valley)","Cono Sur","merlot",1221,"2012"
"482","Merlot","US",89,18,"Washington","Wahluke Slope","Seven Falls 2013 Merlot (Wahluke Slope)","Seven Falls","vanilla",322,"2013"
"483","Merlot","US",87,35,"California","Calistoga","Barlow 2009 Unfiltered Merlot (Calistoga)","Barlow","mocha",150,"2009"
"484","Merlot","US",90,39,"Washington","Red Mountain","Efeste 2013 Upright Klipsun Vineyard Merlot (Red Mountain)","Efeste","herbs",177,"2013"
"485","Merlot","US",90,39,"Washington","Red Mountain","Efeste 2013 Upright Klipsun Vineyard Merlot (Red Mountain)","Efeste","tart",153,"2013"
"486","Merlot","US",90,39,"Washington","Red Mountain","Efeste 2013 Upright Klipsun Vineyard Merlot (Red Mountain)","Efeste","green",225,"2013"
"487","Merlot","Chile",86,12,"Colchagua Valley","","La Playa 2012 Block Selection Reserve Block N. 10 Merlot (Colchagua Valley)","La Playa","earthy",141,"2012"
"488","Merlot","Chile",86,12,"Colchagua Valley","","La Playa 2012 Block Selection Reserve Block N. 10 Merlot (Colchagua Valley)","La Playa","fruits",149,"2012"
"489","Merlot","US",86,10,"California","California","Stomping Ground 2010 Merlot (California)","Stomping Ground","medium",208,"2010"
"490","Merlot","US",86,10,"California","California","Stomping Ground 2010 Merlot (California)","Stomping Ground","firm",180,"2010"
"491","Merlot","US",85,16,"California","Napa Valley","Irony 2004 Merlot (Napa Valley)","Irony","currant",247,"2004"
"492","Merlot","US",85,10,"California","California","Little Black Dress 2006 Merlot (California)","Little Black Dress","rich",385,"2006"
"493","Merlot","US",83,17,"Washington","Columbia Valley (WA)","Barnard Griffin 2013 Merlot (Columbia Valley (WA))","Barnard Griffin","dried",174,"2013"
"494","Merlot","US",92,42,"California","Santa Ynez Valley","Happy Canyon Vineyard 2007 Barrack Brand Merlot (Santa Ynez Valley)","Happy Canyon Vineyard","cabernet",179,"2007"
"495","Merlot","Italy",93,75,"Tuscany","Toscana","Castellare di Castellina 2009 Poggio ai Merli Merlot (Toscana)","Castellare di Castellina","tobacco",179,"2009"
"496","Merlot","US",87,40,"Washington","Washington","Hawks View 2010 Merlot (Washington)","Hawks View","easy",156,"2010"
"497","Merlot","US",88,25,"California","Oak Knoll District","Martin Ray 2010 Reserve Merlot (Oak Knoll District)","Martin Ray","cedar",188,"2010"
"498","Merlot","US",84,11,"California","California","Grayson 2015 Lot 6 Merlot (California)","Grayson","fruity",162,"2015"
"499","Merlot","US",85,10,"Washington","Columbia Valley (WA)","Sagelands 2013 Merlot (Columbia Valley (WA))","Sagelands","lead",138,"2013"
"500","Merlot","US",89,24,"California","Santa Clara Valley","Jason-Stephens 2010 Estate Merlot (Santa Clara Valley)","Jason-Stephens","concentrated",140,"2010"
"501","Nebbiolo","Italy",92,70,"Piedmont","Barolo","Ceretto 2003 Bricco Rocche Prapó  (Barolo)","Ceretto","dark",432,"2003"
"502","Nebbiolo","Italy",92,70,"Piedmont","Barolo","Ceretto 2003 Bricco Rocche Prapó  (Barolo)","Ceretto","fruit",533,"2003"
"503","Nebbiolo","Italy",91,70,"Piedmont","Barolo","Ceretto 2003 Bricco Rocche Brunate  (Barolo)","Ceretto","glass",283,"2003"
"504","Nebbiolo","Italy",91,70,"Piedmont","Barolo","Ceretto 2003 Bricco Rocche Brunate  (Barolo)","Ceretto","leather",592,"2003"
"505","Nebbiolo","Italy",91,68,"Piedmont","Barolo","Poderi Luigi Einaudi 2003  Barolo","Poderi Luigi Einaudi","barolo",316,"2003"
"506","Nebbiolo","Italy",91,60,"Piedmont","Barolo","Giacomo Ascheri 2001 Sorano  (Barolo)","Giacomo Ascheri","fresh",235,"2001"
"507","Nebbiolo","Italy",91,60,"Piedmont","Barolo","Giacomo Ascheri 2001 Sorano  (Barolo)","Giacomo Ascheri","licorice",703,"2001"
"508","Nebbiolo","Italy",87,56,"Piedmont","Barolo","Cascina Adelaide 2005 4 Vigne  (Barolo)","Cascina Adelaide","white",384,"2005"
"509","Nebbiolo","Italy",87,20,"Piedmont","Langhe","Socré 2006 Nebbiolo (Langhe)","Socré","nebbiolo",276,"2006"
"510","Nebbiolo","Italy",87,20,"Piedmont","Langhe","Socré 2006 Nebbiolo (Langhe)","Socré","cherry",1613,"2006"
"511","Nebbiolo","Italy",87,20,"Piedmont","Langhe","Socré 2006 Nebbiolo (Langhe)","Socré","berry",1042,"2006"
"512","Nebbiolo","Italy",87,20,"Piedmont","Langhe","Socré 2006 Nebbiolo (Langhe)","Socré","spice",867,"2006"
"513","Nebbiolo","Italy",87,18,"Piedmont","Langhe","Boffa 2006 Nebbiolo (Langhe)","Boffa","bright",364,"2006"
"514","Nebbiolo","Italy",97,150,"Piedmont","Barolo","Cavallotto 2010 Vignolo Riserva  (Barolo)","Cavallotto","underbrush",271,"2010"
"515","Nebbiolo","Italy",97,150,"Piedmont","Barolo","Cavallotto 2010 Vignolo Riserva  (Barolo)","Cavallotto","flower",208,"2010"
"516","Nebbiolo","Italy",97,150,"Piedmont","Barolo","Cavallotto 2010 Vignolo Riserva  (Barolo)","Cavallotto","ripe",515,"2010"
"517","Nebbiolo","Italy",97,150,"Piedmont","Barolo","Cavallotto 2010 Vignolo Riserva  (Barolo)","Cavallotto","juicy",276,"2010"
"518","Nebbiolo","Italy",97,150,"Piedmont","Barolo","Cavallotto 2010 Vignolo Riserva  (Barolo)","Cavallotto","black",781,"2010"
"519","Nebbiolo","Italy",97,150,"Piedmont","Barolo","Cavallotto 2010 Vignolo Riserva  (Barolo)","Cavallotto","crushed",388,"2010"
"520","Nebbiolo","Italy",97,150,"Piedmont","Barolo","Cavallotto 2010 Vignolo Riserva  (Barolo)","Cavallotto","raspberry",541,"2010"
"521","Nebbiolo","Italy",97,150,"Piedmont","Barolo","Cavallotto 2010 Vignolo Riserva  (Barolo)","Cavallotto","anise",374,"2010"
"522","Nebbiolo","Italy",97,150,"Piedmont","Barolo","Cavallotto 2010 Vignolo Riserva  (Barolo)","Cavallotto","tobacco",363,"2010"
"523","Nebbiolo","Italy",97,150,"Piedmont","Barolo","Cavallotto 2010 Vignolo Riserva  (Barolo)","Cavallotto","firm",682,"2010"
"524","Nebbiolo","Italy",97,150,"Piedmont","Barolo","Cavallotto 2010 Vignolo Riserva  (Barolo)","Cavallotto","tannins",1770,"2010"
"525","Nebbiolo","Italy",95,60,"Piedmont","Barolo","Bel Colle 2012 Simposio  (Barolo)","Bel Colle","herb",522,"2012"
"526","Nebbiolo","Italy",95,60,"Piedmont","Barolo","Bel Colle 2012 Simposio  (Barolo)","Bel Colle","rose",466,"2012"
"527","Nebbiolo","Italy",95,60,"Piedmont","Barolo","Bel Colle 2012 Simposio  (Barolo)","Bel Colle","elegant",243,"2012"
"528","Nebbiolo","Italy",95,60,"Piedmont","Barolo","Bel Colle 2012 Simposio  (Barolo)","Bel Colle","pepper",458,"2012"
"529","Nebbiolo","Italy",95,60,"Piedmont","Barolo","Bel Colle 2012 Simposio  (Barolo)","Bel Colle","polished",237,"2012"
"530","Nebbiolo","Italy",95,60,"Piedmont","Barolo","Bel Colle 2012 Simposio  (Barolo)","Bel Colle","2018",246,"2012"
"531","Nebbiolo","Italy",89,89,"Piedmont","Barolo","Revello Fratelli 2012 Rocche dell'Annunziata  (Barolo)","Revello Fratelli","coffee",263,"2012"
"532","Nebbiolo","Italy",89,89,"Piedmont","Barolo","Revello Fratelli 2012 Rocche dell'Annunziata  (Barolo)","Revello Fratelli","lead",355,"2012"
"533","Nebbiolo","Italy",89,89,"Piedmont","Barolo","Revello Fratelli 2012 Rocche dell'Annunziata  (Barolo)","Revello Fratelli","grained",297,"2012"
"534","Nebbiolo","Italy",89,89,"Piedmont","Barolo","Revello Fratelli 2012 Rocche dell'Annunziata  (Barolo)","Revello Fratelli","provide",243,"2012"
"535","Nebbiolo","Italy",93,90,"Piedmont","Barolo","Brandini 2011 Resa 56  (Barolo)","Brandini","bodied",210,"2011"
"536","Nebbiolo","Italy",93,90,"Piedmont","Barolo","Brandini 2011 Resa 56  (Barolo)","Brandini","mint",215,"2011"
"537","Nebbiolo","Italy",90,53,"Piedmont","Barolo","Comm. G. B. Burlotto 2011 Acclivi  (Barolo)","Comm. G. B. Burlotto","balsamic",308,"2011"
"538","Nebbiolo","Italy",90,53,"Piedmont","Barolo","Comm. G. B. Burlotto 2011 Acclivi  (Barolo)","Comm. G. B. Burlotto","dried",471,"2011"
"539","Nebbiolo","Italy",85,80,"Piedmont","Barolo","Paolo Manzone 2012 Meriame  (Barolo)","Paolo Manzone","menthol",323,"2012"
"540","Nebbiolo","Italy",85,80,"Piedmont","Barolo","Paolo Manzone 2012 Meriame  (Barolo)","Paolo Manzone","espresso",330,"2012"
"541","Nebbiolo","Italy",85,80,"Piedmont","Barolo","Paolo Manzone 2012 Meriame  (Barolo)","Paolo Manzone","toast",235,"2012"
"542","Nebbiolo","Italy",85,80,"Piedmont","Barolo","Paolo Manzone 2012 Meriame  (Barolo)","Paolo Manzone","sage",294,"2012"
"543","Nebbiolo","Italy",86,30,"Piedmont","Nebbiolo d'Alba","Dosio 2012  Nebbiolo d'Alba","Dosio","violet",254,"2012"
"544","Nebbiolo","Italy",87,50,"Piedmont","Barbaresco","Boffa 2013 Pajè  (Barbaresco)","Boffa","whiff",327,"2013"
"545","Nebbiolo","Italy",87,50,"Piedmont","Barbaresco","Boffa 2013 Pajè  (Barbaresco)","Boffa","baking",253,"2013"
"546","Nebbiolo","Italy",87,35,"Piedmont","Barbaresco","Castello di Neive 2013  Barbaresco","Castello di Neive","clove",424,"2013"
"547","Nebbiolo","Italy",87,60,"Piedmont","Barbaresco","Battaglio 2013  Barbaresco","Battaglio","star",224,"2013"
"548","Nebbiolo","Italy",94,180,"Piedmont","Barolo","Ascheri 2013 Ascheri  (Barolo)","Ascheri","cinnamon",245,"2013"
"549","Nebbiolo","Italy",92,82,"Piedmont","Barolo","Fratelli Alessandria 2006 Gramolere  (Barolo)","Fratelli Alessandria","wild",349,"2006"
"550","Nebbiolo","Italy",94,60,"Piedmont","Barolo","Le Strette 2010 Bergera Pezzole  (Barolo)","Le Strette","vanilla",228,"2010"
"551","Zinfandel","US",86,24,"California","Napa Valley","Napa Cellars 2014 Classic Zinfandel (Napa Valley)","Napa Cellars","petite",183,"2014"
"552","Zinfandel","US",86,24,"California","Napa Valley","Napa Cellars 2014 Classic Zinfandel (Napa Valley)","Napa Cellars","sirah",184,"2014"
"553","Zinfandel","US",86,24,"California","Napa Valley","Napa Cellars 2014 Classic Zinfandel (Napa Valley)","Napa Cellars","soft",470,"2014"
"554","Zinfandel","US",86,24,"California","Napa Valley","Napa Cellars 2014 Classic Zinfandel (Napa Valley)","Napa Cellars","smoky",166,"2014"
"555","Zinfandel","US",86,24,"California","Napa Valley","Napa Cellars 2014 Classic Zinfandel (Napa Valley)","Napa Cellars","black",618,"2014"
"556","Zinfandel","US",86,24,"California","Napa Valley","Napa Cellars 2014 Classic Zinfandel (Napa Valley)","Napa Cellars","fruit",777,"2014"
"557","Zinfandel","US",87,26,"California","Santa Clara Valley","Martin Ranch 2014 J.D. Hurley Zinfandel (Santa Clara Valley)","Martin Ranch","licorice",177,"2014"
"558","Zinfandel","US",87,26,"California","Santa Clara Valley","Martin Ranch 2014 J.D. Hurley Zinfandel (Santa Clara Valley)","Martin Ranch","pepper",572,"2014"
"559","Zinfandel","US",87,26,"California","Santa Clara Valley","Martin Ranch 2014 J.D. Hurley Zinfandel (Santa Clara Valley)","Martin Ranch","spice",379,"2014"
"560","Zinfandel","US",87,26,"California","Santa Clara Valley","Martin Ranch 2014 J.D. Hurley Zinfandel (Santa Clara Valley)","Martin Ranch","strawberry",129,"2014"
"561","Zinfandel","US",87,26,"California","Santa Clara Valley","Martin Ranch 2014 J.D. Hurley Zinfandel (Santa Clara Valley)","Martin Ranch","sweet",521,"2014"
"562","Zinfandel","US",87,26,"California","Santa Clara Valley","Martin Ranch 2014 J.D. Hurley Zinfandel (Santa Clara Valley)","Martin Ranch","cherry",615,"2014"
"563","Zinfandel","US",87,26,"California","Santa Clara Valley","Martin Ranch 2014 J.D. Hurley Zinfandel (Santa Clara Valley)","Martin Ranch","blackberry",671,"2014"
"564","Zinfandel","US",92,39,"California","Rockpile","Mauritson 2007 Rockpile Cemetary Vineyard Zinfandel (Rockpile)","Mauritson","zinfandel",514,"2007"
"565","Zinfandel","US",92,39,"California","Rockpile","Mauritson 2007 Rockpile Cemetary Vineyard Zinfandel (Rockpile)","Mauritson","alcohol",451,"2007"
"566","Zinfandel","US",92,39,"California","Rockpile","Mauritson 2007 Rockpile Cemetary Vineyard Zinfandel (Rockpile)","Mauritson","blackberries",207,"2007"
"567","Zinfandel","US",92,39,"California","Rockpile","Mauritson 2007 Rockpile Cemetary Vineyard Zinfandel (Rockpile)","Mauritson","cola",184,"2007"
"568","Zinfandel","US",92,39,"California","Rockpile","Mauritson 2007 Rockpile Cemetary Vineyard Zinfandel (Rockpile)","Mauritson","peppery",144,"2007"
"569","Zinfandel","US",92,39,"California","Rockpile","Mauritson 2007 Rockpile Cemetary Vineyard Zinfandel (Rockpile)","Mauritson","spices",179,"2007"
"570","Zinfandel","US",92,39,"California","Rockpile","Mauritson 2007 Rockpile Cemetary Vineyard Zinfandel (Rockpile)","Mauritson","tannins",637,"2007"
"571","Zinfandel","US",90,32,"California","Dry Creek Valley","Del Carlo Winery 2014 Home Ranch Teldeschi Vineyards Century Old Vine Zinfandel (Dry Creek Valley)","Del Carlo Winery","juicy",186,"2014"
"572","Zinfandel","US",85,35,"California","Amador County","Cloud 9 2006 Seity Zinfandel (Amador County)","Cloud 9","briary",192,"9"
"573","Zinfandel","US",85,35,"California","Amador County","Cloud 9 2006 Seity Zinfandel (Amador County)","Cloud 9","brambly",145,"9"
"574","Zinfandel","US",85,35,"California","Amador County","Cloud 9 2006 Seity Zinfandel (Amador County)","Cloud 9","wild",299,"9"
"575","Zinfandel","US",85,35,"California","Amador County","Cloud 9 2006 Seity Zinfandel (Amador County)","Cloud 9","berry",401,"9"
"576","Zinfandel","US",85,35,"California","Amador County","Cloud 9 2006 Seity Zinfandel (Amador County)","Cloud 9","tobacco",163,"9"
"577","Zinfandel","US",89,20,"California","Sonoma County","St. Francis 2009 Old Vines Zinfandel (Sonoma County)","St. Francis","spicy",311,"2009"
"578","Zinfandel","US",87,24,"California","Mendocino County","Claudia Springs 2007 Zinfandel (Mendocino County)","Claudia Springs","ripe",582,"2007"
"579","Zinfandel","US",86,34,"California","Mendocino","Brutocao 2006 Reserve Zinfandel (Mendocino)","Brutocao","fruity",191,"2006"
"580","Zinfandel","US",86,34,"California","Mendocino","Brutocao 2006 Reserve Zinfandel (Mendocino)","Brutocao","cherries",213,"2006"
"581","Zinfandel","US",86,34,"California","Mendocino","Brutocao 2006 Reserve Zinfandel (Mendocino)","Brutocao","currants",150,"2006"
"582","Zinfandel","US",85,16,"California","California","Cline 2007 Ancient Vines Zinfandel (California)","Cline","rich",449,"2007"
"583","Zinfandel","US",85,16,"California","California","Cline 2007 Ancient Vines Zinfandel (California)","Cline","chocolate",399,"2007"
"584","Zinfandel","US",85,16,"California","California","Cline 2007 Ancient Vines Zinfandel (California)","Cline","smooth",198,"2007"
"585","Zinfandel","US",85,16,"California","California","Cline 2007 Ancient Vines Zinfandel (California)","Cline","barbecue",157,"2007"
"586","Zinfandel","US",88,32,"California","Sonoma Valley","Dunbar 2012 Estate Grown Zinfandel (Sonoma Valley)","Dunbar","bodied",470,"2012"
"587","Zinfandel","US",93,46,"California","Sonoma Valley","Carlisle 2013 Pagani Ranch Zinfandel (Sonoma Valley)","Carlisle","cinnamon",218,"2013"
"588","Zinfandel","US",93,46,"California","Sonoma Valley","Carlisle 2013 Pagani Ranch Zinfandel (Sonoma Valley)","Carlisle","leather",190,"2013"
"589","Zinfandel","US",91,38,"California","Dry Creek Valley","Dry Creek Vineyard 2012 DCV2 Estate Four Clones Vineyard Zinfandel (Dry Creek Valley)","Dry Creek Vineyard","dried",150,"2012"
"590","Zinfandel","US",91,38,"California","Dry Creek Valley","Dry Creek Vineyard 2012 DCV2 Estate Four Clones Vineyard Zinfandel (Dry Creek Valley)","Dry Creek Vineyard","dark",236,"2012"
"591","Zinfandel","US",85,33,"California","Dry Creek Valley","Pech Merle 2013 Treborce Vineyard Zinfandel (Dry Creek Valley)","Pech Merle","plum",227,"2013"
"592","Zinfandel","US",85,33,"California","Dry Creek Valley","Pech Merle 2013 Treborce Vineyard Zinfandel (Dry Creek Valley)","Pech Merle","vanilla",210,"2013"
"593","Zinfandel","US",87,35,"California","Napa Valley","Kuleto Estate 2008 Zinfandel (Napa Valley)","Kuleto Estate","raspberry",342,"2008"
"594","Zinfandel","US",92,38,"California","Alexander Valley","Bella 2009 Big River Ranch Zinfandel (Alexander Valley)","Bella","delicious",135,"2009"
"595","Zinfandel","US",92,38,"California","Alexander Valley","Bella 2009 Big River Ranch Zinfandel (Alexander Valley)","Bella","tannic",251,"2009"
"596","Zinfandel","US",92,38,"California","Alexander Valley","Bella 2009 Big River Ranch Zinfandel (Alexander Valley)","Bella","currant",157,"2009"
"597","Zinfandel","US",90,20,"California","Yolo County","Berryessa Gap 2011 California Series Zinfandel (Yolo County)","Berryessa Gap","firm",181,"2011"
"598","Zinfandel","US",90,56,"California","Paso Robles","Daou 2012 Reserve Zinfandel (Paso Robles)","Daou","jammy",169,"2012"
"599","Zinfandel","US",86,20,"California","El Dorado","Lava Cap 2005 Reserve Zinfandel (El Dorado)","Lava Cap","berries",141,"2005"
"600","Zinfandel","US",90,38,"California","Paso Robles","Lone Madrone 2011 Bailey Ranch Dry Farmed Zinfandel (Paso Robles)","Lone Madrone","bright",128,"2011"
